ix,Job ID,Bleed_Pair,EIO,i7,Rep1,Rep2,Rep3,Median_PC,Contamination
2255,12345,TRUE,41,09,0.05,0.04,0.05,0.05,
2254,12345,TRUE,26,14,0.0,0.0,0.0,0.0,
2253,12345,TRUE,23,16,0.09,0.1,0.1,0.1,
2252,12345,TRUE,16,23,0.02,0.02,0.02,0.02,
2251,12345,TRUE,14,26,0.05,0.05,0.05,0.05,
2250,12345,TRUE,09,41,0.0,0.0,0.0,0.0,
1505,12345,FALSE,33,07,0.0,0.0,0.0,0.0,
1499,12345,FALSE,33,01,0.0,0.0,0.0,0.0,
1500,12345,FALSE,33,02,0.0,0.0,0.0,0.0,
1501,12345,FALSE,33,03,0.0,0.0,0.0,0.0,
1502,12345,FALSE,33,04,0.0,0.0,0.0,0.0,
1503,12345,FALSE,33,05,0.0,0.0,0.0,0.0,
1504,12345,FALSE,33,06,0.0,0.0,0.0,0.0,
1508,12345,FALSE,33,10,0.0,0.0,0.0,0.0,
1506,12345,FALSE,33,08,0.0,0.0,0.0,0.0,
1507,12345,FALSE,33,09,0.0,0.0,0.0,0.0,
1497,12345,FALSE,32,47,0.0,0.0,0.0,0.0,
1509,12345,FALSE,33,11,0.0,0.0,0.0,0.0,
1510,12345,FALSE,33,12,0.0,0.0,0.0,0.0,
1511,12345,FALSE,33,13,0.0,0.0,0.0,0.0,
1512,12345,FALSE,33,14,0.0,0.0,0.0,0.0,
1498,12345,FALSE,32,48,0.0,0.0,0.0,0.0,
1494,12345,FALSE,32,44,0.0,0.0,0.0,0.0,
1496,12345,FALSE,32,46,0.0,0.0,0.0,0.0,
1487,12345,FALSE,32,37,0.0,0.0,0.0,0.0,
1481,12345,FALSE,32,30,0.0,0.0,0.0,0.0,
1482,12345,FALSE,32,31,0.0,0.0,0.0,0.0,
1483,12345,FALSE,32,33,0.0,0.0,0.0,0.0,
1484,12345,FALSE,32,34,0.0,0.0,0.0,0.0,
1485,12345,FALSE,32,35,0.0,0.0,0.0,0.0,
1486,12345,FALSE,32,36,0.0,0.0,0.0,0.0,
1488,12345,FALSE,32,38,0.0,0.0,0.0,0.0,
1495,12345,FALSE,32,45,0.0,0.0,0.0,0.0,
1489,12345,FALSE,32,39,0.0,0.0,0.0,0.0,
1490,12345,FALSE,32,40,0.0,0.0,0.0,0.0,
1491,12345,FALSE,32,41,0.0,0.0,0.0,0.0,
1492,12345,FALSE,32,42,0.0,0.0,0.0,0.0,
1493,12345,FALSE,32,43,0.0,0.0,0.0,0.0,
1514,12345,FALSE,33,16,0.0,0.0,0.0,0.0,
1513,12345,FALSE,33,15,0.0,0.0,0.0,0.0,
1517,12345,FALSE,33,19,0.0,0.0,0.0,0.0,
1515,12345,FALSE,33,17,0.0,0.0,0.0,0.0,
1540,12345,FALSE,33,43,0.0,0.0,0.0,0.0,
1534,12345,FALSE,33,37,0.0,0.0,0.0,0.0,
1535,12345,FALSE,33,38,0.0,0.0,0.0,0.0,
1536,12345,FALSE,33,39,0.0,0.0,0.0,0.0,
1537,12345,FALSE,33,40,0.0,0.0,0.0,0.0,
1538,12345,FALSE,33,41,0.0,0.0,0.0,0.0,
1539,12345,FALSE,33,42,0.0,0.0,0.0,0.0,
1541,12345,FALSE,33,44,0.0,0.0,0.0,0.0,
1516,12345,FALSE,33,18,0.0,0.0,0.0,0.0,
1542,12345,FALSE,33,45,0.0,0.0,0.0,0.0,
1543,12345,FALSE,33,46,0.0,0.0,0.0,0.0,
1544,12345,FALSE,33,47,0.0,0.0,0.0,0.0,
1545,12345,FALSE,33,48,0.0,0.0,0.0,0.0,
1546,12345,FALSE,34,01,0.0,0.0,0.0,0.0,
1547,12345,FALSE,34,02,0.0,0.0,0.0,0.0,
1533,12345,FALSE,33,36,0.0,0.0,0.0,0.0,
1532,12345,FALSE,33,35,0.0,0.0,0.0,0.0,
1531,12345,FALSE,33,34,0.0,0.0,0.0,0.0,
1530,12345,FALSE,33,32,0.0,0.0,0.0,0.0,
1529,12345,FALSE,33,31,0.0,0.0,0.0,0.0,
1528,12345,FALSE,33,30,0.0,0.0,0.0,0.0,
1527,12345,FALSE,33,29,0.0,0.0,0.0,0.0,
1526,12345,FALSE,33,28,0.0,0.0,0.0,0.0,
1525,12345,FALSE,33,27,0.0,0.0,0.0,0.0,
1524,12345,FALSE,33,26,0.0,0.0,0.0,0.0,
1523,12345,FALSE,33,25,0.0,0.0,0.0,0.0,
1522,12345,FALSE,33,24,0.0,0.0,0.0,0.0,
1521,12345,FALSE,33,23,0.0,0.0,0.0,0.0,
1520,12345,FALSE,33,22,0.0,0.0,0.0,0.0,
1519,12345,FALSE,33,21,0.0,0.0,0.0,0.0,
1518,12345,FALSE,33,20,0.0,0.0,0.0,0.0,
1479,12345,FALSE,32,28,0.0,0.0,0.0,0.0,
1480,12345,FALSE,32,29,0.0,0.0,0.0,0.0,
1476,12345,FALSE,32,25,0.0,0.0,0.0,0.0,
1478,12345,FALSE,32,27,0.0,0.0,0.0,0.0,
1434,12345,FALSE,31,30,0.0,0.0,0.0,0.0,
1428,12345,FALSE,31,24,0.0,0.0,0.0,0.0,
1429,12345,FALSE,31,25,0.0,0.0,0.0,0.0,
1430,12345,FALSE,31,26,0.0,0.0,0.0,0.0,
1431,12345,FALSE,31,27,0.0,0.0,0.0,0.0,
1432,12345,FALSE,31,28,0.0,0.0,0.0,0.0,
1433,12345,FALSE,31,29,0.0,0.0,0.0,0.0,
1435,12345,FALSE,31,32,0.0,0.0,0.0,0.0,
1443,12345,FALSE,31,40,0.0,0.0,0.0,0.0,
1436,12345,FALSE,31,33,0.0,0.0,0.0,0.0,
1437,12345,FALSE,31,34,0.0,0.0,0.0,0.0,
1438,12345,FALSE,31,35,0.0,0.0,0.0,0.0,
1439,12345,FALSE,31,36,0.0,0.0,0.0,0.0,
1440,12345,FALSE,31,37,0.0,0.0,0.0,0.0,
1441,12345,FALSE,31,38,0.0,0.0,0.0,0.0,
1427,12345,FALSE,31,23,0.0,0.0,0.0,0.0,
1426,12345,FALSE,31,22,0.0,0.0,0.0,0.0,
1425,12345,FALSE,31,21,0.0,0.0,0.0,0.0,
1424,12345,FALSE,31,20,0.0,0.0,0.0,0.0,
1423,12345,FALSE,31,19,0.0,0.0,0.0,0.0,
1422,12345,FALSE,31,18,0.0,0.0,0.0,0.0,
1421,12345,FALSE,31,17,0.0,0.0,0.0,0.0,
1420,12345,FALSE,31,16,0.0,0.0,0.0,0.0,
1419,12345,FALSE,31,15,0.0,0.0,0.0,0.0,
1418,12345,FALSE,31,14,0.0,0.0,0.0,0.0,
1417,12345,FALSE,31,13,0.0,0.0,0.0,0.0,
1416,12345,FALSE,31,12,0.0,0.0,0.0,0.0,
1415,12345,FALSE,31,11,0.0,0.0,0.0,0.0,
1414,12345,FALSE,31,10,0.0,0.0,0.0,0.0,
1413,12345,FALSE,31,09,0.0,0.0,0.0,0.0,
1412,12345,FALSE,31,08,0.0,0.0,0.0,0.0,
1411,12345,FALSE,31,07,0.05,0.04,0.05,0.05,
1442,12345,FALSE,31,39,0.0,0.0,0.0,0.0,
1444,12345,FALSE,31,41,0.0,0.0,0.0,0.0,
1477,12345,FALSE,32,26,0.0,0.0,0.0,0.0,
1469,12345,FALSE,32,18,0.0,0.0,0.0,0.0,
1463,12345,FALSE,32,12,0.0,0.0,0.0,0.0,
1464,12345,FALSE,32,13,0.0,0.0,0.0,0.0,
1465,12345,FALSE,32,14,0.0,0.0,0.0,0.0,
1466,12345,FALSE,32,15,0.01,0.01,0.01,0.01,
1467,12345,FALSE,32,16,0.0,0.0,0.0,0.0,
1468,12345,FALSE,32,17,0.0,0.0,0.0,0.0,
1470,12345,FALSE,32,19,0.0,0.0,0.0,0.0,
1445,12345,FALSE,31,42,0.0,0.0,0.0,0.0,
1471,12345,FALSE,32,20,0.0,0.0,0.0,0.0,
1472,12345,FALSE,32,21,0.0,0.0,0.0,0.0,
1473,12345,FALSE,32,22,0.0,0.0,0.0,0.0,
1474,12345,FALSE,32,23,0.0,0.0,0.0,0.0,
1475,12345,FALSE,32,24,0.0,0.0,0.0,0.0,
1549,12345,FALSE,34,04,0.0,0.0,0.0,0.0,
1462,12345,FALSE,32,11,0.0,0.0,0.0,0.0,
1461,12345,FALSE,32,10,0.0,0.0,0.0,0.0,
1460,12345,FALSE,32,09,0.0,0.0,0.0,0.0,
1459,12345,FALSE,32,08,0.0,0.0,0.0,0.0,
1458,12345,FALSE,32,07,0.0,0.0,0.0,0.0,
1457,12345,FALSE,32,06,0.0,0.0,0.0,0.0,
1456,12345,FALSE,32,05,0.0,0.0,0.0,0.0,
1455,12345,FALSE,32,04,0.0,0.0,0.0,0.0,
1454,12345,FALSE,32,03,0.0,0.0,0.0,0.0,
1453,12345,FALSE,32,02,0.0,0.0,0.0,0.0,
1452,12345,FALSE,32,01,0.0,0.0,0.0,0.0,
1451,12345,FALSE,31,48,0.0,0.0,0.0,0.0,
1450,12345,FALSE,31,47,0.0,0.0,0.0,0.0,
1449,12345,FALSE,31,46,0.0,0.0,0.0,0.0,
1448,12345,FALSE,31,45,0.0,0.0,0.0,0.0,
1447,12345,FALSE,31,44,0.0,0.0,0.0,0.0,
1446,12345,FALSE,31,43,0.0,0.0,0.0,0.0,
1548,12345,FALSE,34,03,0.0,0.0,0.0,0.0,
1552,12345,FALSE,34,07,0.0,0.0,0.0,0.0,
1550,12345,FALSE,34,05,0.02,0.02,0.02,0.02,
1645,12345,FALSE,36,06,0.0,0.0,0.0,0.0,
1639,12345,FALSE,35,48,0.0,0.0,0.0,0.0,
1640,12345,FALSE,36,01,0.0,0.0,0.0,0.0,
1641,12345,FALSE,36,02,0.0,0.0,0.0,0.0,
1642,12345,FALSE,36,03,0.0,0.0,0.0,0.0,
1643,12345,FALSE,36,04,0.0,0.0,0.0,0.0,
1644,12345,FALSE,36,05,0.0,0.0,0.0,0.0,
1646,12345,FALSE,36,07,0.0,0.0,0.0,0.0,
1654,12345,FALSE,36,15,0.0,0.0,0.0,0.0,
1647,12345,FALSE,36,08,0.0,0.0,0.0,0.0,
1648,12345,FALSE,36,09,0.0,0.0,0.0,0.0,
1649,12345,FALSE,36,10,0.0,0.0,0.0,0.0,
1650,12345,FALSE,36,11,0.0,0.0,0.0,0.0,
1651,12345,FALSE,36,12,0.0,0.0,0.0,0.0,
1652,12345,FALSE,36,13,0.0,0.0,0.0,0.0,
1638,12345,FALSE,35,47,0.0,0.0,0.0,0.0,
1637,12345,FALSE,35,46,0.0,0.0,0.0,0.0,
1636,12345,FALSE,35,45,0.0,0.0,0.0,0.0,
1635,12345,FALSE,35,44,0.0,0.0,0.0,0.0,
1634,12345,FALSE,35,43,0.0,0.0,0.0,0.0,
1633,12345,FALSE,35,42,0.0,0.0,0.0,0.0,
1632,12345,FALSE,35,41,0.0,0.0,0.0,0.0,
1631,12345,FALSE,35,40,0.0,0.0,0.0,0.0,
1630,12345,FALSE,35,39,0.0,0.0,0.0,0.0,
1629,12345,FALSE,35,38,0.0,0.0,0.0,0.0,
1628,12345,FALSE,35,37,0.0,0.0,0.0,0.0,
1627,12345,FALSE,35,36,0.0,0.0,0.0,0.0,
1626,12345,FALSE,35,34,0.0,0.0,0.0,0.0,
1625,12345,FALSE,35,33,0.0,0.0,0.0,0.0,
1624,12345,FALSE,35,32,0.0,0.0,0.0,0.0,
1623,12345,FALSE,35,31,0.0,0.0,0.0,0.0,
1622,12345,FALSE,35,30,0.0,0.0,0.0,0.0,
1653,12345,FALSE,36,14,0.0,0.0,0.0,0.0,
1655,12345,FALSE,36,16,0.0,0.0,0.0,0.0,
1620,12345,FALSE,35,28,0.0,0.0,0.0,0.0,
1680,12345,FALSE,36,42,0.0,0.0,0.0,0.0,
1674,12345,FALSE,36,35,0.0,0.0,0.0,0.0,
1675,12345,FALSE,36,37,0.01,0.01,0.01,0.01,
1676,12345,FALSE,36,38,0.0,0.0,0.0,0.0,
1677,12345,FALSE,36,39,0.0,0.0,0.0,0.0,
1678,12345,FALSE,36,40,0.0,0.0,0.0,0.0,
1679,12345,FALSE,36,41,0.0,0.0,0.0,0.0,
1681,12345,FALSE,36,43,0.0,0.0,0.0,0.0,
1656,12345,FALSE,36,17,0.0,0.0,0.0,0.0,
1682,12345,FALSE,36,44,0.0,0.0,0.0,0.0,
1683,12345,FALSE,36,45,0.0,0.0,0.0,0.0,
1684,12345,FALSE,36,46,0.0,0.0,0.0,0.0,
1685,12345,FALSE,36,47,0.0,0.0,0.0,0.0,
1686,12345,FALSE,36,48,0.0,0.0,0.0,0.0,
1687,12345,FALSE,37,01,0.0,0.0,0.0,0.0,
1673,12345,FALSE,36,34,0.0,0.0,0.0,0.0,
1672,12345,FALSE,36,33,0.0,0.0,0.0,0.0,
1671,12345,FALSE,36,32,0.0,0.0,0.0,0.0,
1670,12345,FALSE,36,31,0.0,0.0,0.0,0.0,
1669,12345,FALSE,36,30,0.0,0.0,0.0,0.0,
1668,12345,FALSE,36,29,0.0,0.0,0.0,0.0,
1667,12345,FALSE,36,28,0.0,0.0,0.0,0.0,
1666,12345,FALSE,36,27,0.0,0.0,0.0,0.0,
1665,12345,FALSE,36,26,0.0,0.0,0.0,0.0,
1664,12345,FALSE,36,25,0.0,0.0,0.0,0.0,
1663,12345,FALSE,36,24,0.0,0.0,0.0,0.0,
1662,12345,FALSE,36,23,0.0,0.0,0.0,0.0,
1661,12345,FALSE,36,22,0.0,0.0,0.0,0.0,
1660,12345,FALSE,36,21,0.0,0.0,0.0,0.0,
1659,12345,FALSE,36,20,0.0,0.0,0.0,0.0,
1658,12345,FALSE,36,19,0.0,0.0,0.0,0.0,
1657,12345,FALSE,36,18,0.0,0.0,0.0,0.0,
1621,12345,FALSE,35,29,0.0,0.0,0.0,0.0,
1619,12345,FALSE,35,27,0.0,0.0,0.0,0.0,
1551,12345,FALSE,34,06,0.0,0.0,0.0,0.0,
1575,12345,FALSE,34,30,0.0,0.0,0.0,0.0,
1569,12345,FALSE,34,24,0.0,0.0,0.0,0.0,
1570,12345,FALSE,34,25,0.0,0.0,0.0,0.0,
1571,12345,FALSE,34,26,0.0,0.0,0.0,0.0,
1572,12345,FALSE,34,27,0.0,0.0,0.0,0.0,
1573,12345,FALSE,34,28,0.0,0.0,0.0,0.0,
1574,12345,FALSE,34,29,0.0,0.0,0.0,0.0,
1576,12345,FALSE,34,31,0.0,0.0,0.0,0.0,
1584,12345,FALSE,34,40,0.0,0.0,0.0,0.0,
1577,12345,FALSE,34,32,0.0,0.0,0.0,0.0,
1578,12345,FALSE,34,33,0.0,0.0,0.0,0.0,
1579,12345,FALSE,34,35,0.0,0.0,0.0,0.0,
1580,12345,FALSE,34,36,0.0,0.0,0.0,0.0,
1581,12345,FALSE,34,37,0.0,0.0,0.0,0.0,
1582,12345,FALSE,34,38,0.0,0.0,0.0,0.0,
1568,12345,FALSE,34,23,0.0,0.0,0.0,0.0,
1567,12345,FALSE,34,22,0.0,0.0,0.0,0.0,
1566,12345,FALSE,34,21,0.0,0.0,0.0,0.0,
1565,12345,FALSE,34,20,0.0,0.0,0.0,0.0,
1564,12345,FALSE,34,19,0.0,0.0,0.0,0.0,
1563,12345,FALSE,34,18,0.0,0.0,0.0,0.0,
1562,12345,FALSE,34,17,0.0,0.0,0.0,0.0,
1561,12345,FALSE,34,16,0.0,0.0,0.0,0.0,
1560,12345,FALSE,34,15,0.0,0.0,0.0,0.0,
1559,12345,FALSE,34,14,0.0,0.0,0.0,0.0,
1558,12345,FALSE,34,13,0.0,0.0,0.0,0.0,
1557,12345,FALSE,34,12,0.0,0.0,0.0,0.0,
1556,12345,FALSE,34,11,0.01,0.0,0.01,0.01,
1555,12345,FALSE,34,10,0.0,0.0,0.0,0.0,
1554,12345,FALSE,34,09,0.0,0.0,0.0,0.0,
1553,12345,FALSE,34,08,0.02,0.03,0.03,0.03,
1409,12345,FALSE,31,05,0.0,0.0,0.0,0.0,
1583,12345,FALSE,34,39,0.0,0.0,0.0,0.0,
1585,12345,FALSE,34,41,0.0,0.0,0.0,0.0,
1618,12345,FALSE,35,26,0.0,0.0,0.0,0.0,
1610,12345,FALSE,35,18,0.0,0.0,0.0,0.0,
1604,12345,FALSE,35,12,0.0,0.0,0.0,0.0,
1605,12345,FALSE,35,13,0.0,0.0,0.0,0.0,
1606,12345,FALSE,35,14,0.0,0.0,0.0,0.0,
1607,12345,FALSE,35,15,0.0,0.0,0.0,0.0,
1608,12345,FALSE,35,16,0.0,0.0,0.0,0.0,
1609,12345,FALSE,35,17,0.0,0.0,0.0,0.0,
1611,12345,FALSE,35,19,0.0,0.0,0.0,0.0,
1586,12345,FALSE,34,42,0.0,0.0,0.0,0.0,
1612,12345,FALSE,35,20,0.0,0.0,0.0,0.0,
1613,12345,FALSE,35,21,0.0,0.0,0.0,0.0,
1614,12345,FALSE,35,22,0.0,0.0,0.0,0.0,
1615,12345,FALSE,35,23,0.0,0.0,0.0,0.0,
1616,12345,FALSE,35,24,0.03,0.03,0.02,0.03,
1617,12345,FALSE,35,25,0.0,0.0,0.0,0.0,
1603,12345,FALSE,35,11,0.0,0.0,0.0,0.0,
1602,12345,FALSE,35,10,0.0,0.0,0.0,0.0,
1601,12345,FALSE,35,09,0.0,0.0,0.0,0.0,
1600,12345,FALSE,35,08,0.0,0.0,0.0,0.0,
1599,12345,FALSE,35,07,0.0,0.0,0.0,0.0,
1598,12345,FALSE,35,06,0.0,0.0,0.0,0.0,
1597,12345,FALSE,35,05,0.0,0.0,0.0,0.0,
1596,12345,FALSE,35,04,0.0,0.0,0.0,0.0,
1595,12345,FALSE,35,03,0.0,0.0,0.0,0.0,
1594,12345,FALSE,35,02,0.0,0.0,0.0,0.0,
1593,12345,FALSE,35,01,0.0,0.0,0.0,0.0,
1592,12345,FALSE,34,48,0.0,0.0,0.0,0.0,
1591,12345,FALSE,34,47,0.0,0.0,0.0,0.0,
1590,12345,FALSE,34,46,0.0,0.0,0.0,0.0,
1589,12345,FALSE,34,45,0.0,0.0,0.0,0.0,
1588,12345,FALSE,34,44,0.0,0.0,0.0,0.0,
1587,12345,FALSE,34,43,0.0,0.0,0.0,0.0,
1410,12345,FALSE,31,06,0.0,0.0,0.0,0.0,
1406,12345,FALSE,31,02,0.0,0.0,0.0,0.0,
1408,12345,FALSE,31,04,0.0,0.0,0.0,0.0,
1224,12345,FALSE,27,08,0.0,0.0,0.0,0.0,
1218,12345,FALSE,27,02,0.03,0.03,0.03,0.03,
1219,12345,FALSE,27,03,0.0,0.0,0.0,0.0,
1220,12345,FALSE,27,04,0.0,0.0,0.0,0.0,
1221,12345,FALSE,27,05,0.0,0.0,0.0,0.0,
1222,12345,FALSE,27,06,0.0,0.0,0.0,0.0,
1223,12345,FALSE,27,07,0.0,0.0,0.0,0.0,
1225,12345,FALSE,27,09,0.0,0.0,0.0,0.0,
1216,12345,FALSE,26,48,0.0,0.0,0.0,0.0,
1226,12345,FALSE,27,10,0.0,0.0,0.0,0.0,
1227,12345,FALSE,27,11,0.0,0.0,0.0,0.0,
1228,12345,FALSE,27,12,0.0,0.0,0.0,0.0,
1229,12345,FALSE,27,13,0.0,0.0,0.0,0.0,
1230,12345,FALSE,27,14,0.0,0.0,0.0,0.0,
1231,12345,FALSE,27,15,0.0,0.0,0.0,0.0,
1217,12345,FALSE,27,01,0.0,0.0,0.0,0.0,
1215,12345,FALSE,26,47,0.0,0.0,0.0,0.0,
1407,12345,FALSE,31,03,0.0,0.0,0.0,0.0,
1206,12345,FALSE,26,38,0.0,0.0,0.0,0.0,
1200,12345,FALSE,26,32,0.0,0.0,0.0,0.0,
1201,12345,FALSE,26,33,0.0,0.0,0.0,0.0,
1202,12345,FALSE,26,34,0.0,0.0,0.0,0.0,
1203,12345,FALSE,26,35,0.0,0.0,0.0,0.0,
1204,12345,FALSE,26,36,0.0,0.0,0.0,0.0,
1205,12345,FALSE,26,37,0.0,0.0,0.0,0.0,
1207,12345,FALSE,26,39,0.0,0.0,0.0,0.0,
1214,12345,FALSE,26,46,0.0,0.0,0.0,0.0,
1208,12345,FALSE,26,40,0.0,0.0,0.0,0.0,
1209,12345,FALSE,26,41,0.0,0.0,0.0,0.0,
1210,12345,FALSE,26,42,0.0,0.0,0.0,0.0,
1211,12345,FALSE,26,43,0.0,0.0,0.0,0.0,
1212,12345,FALSE,26,44,0.0,0.0,0.0,0.0,
1213,12345,FALSE,26,45,0.0,0.0,0.0,0.0,
1232,12345,FALSE,27,16,0.0,0.0,0.0,0.0,
1233,12345,FALSE,27,17,0.0,0.0,0.0,0.0,
1234,12345,FALSE,27,18,0.0,0.0,0.0,0.0,
1259,12345,FALSE,27,44,0.0,0.0,0.0,0.0,
1253,12345,FALSE,27,38,0.0,0.0,0.0,0.0,
1254,12345,FALSE,27,39,0.0,0.0,0.0,0.0,
1255,12345,FALSE,27,40,0.0,0.0,0.0,0.0,
1256,12345,FALSE,27,41,0.0,0.0,0.0,0.0,
1257,12345,FALSE,27,42,0.0,0.0,0.0,0.0,
1258,12345,FALSE,27,43,0.0,0.0,0.0,0.0,
1260,12345,FALSE,27,45,0.0,0.0,0.0,0.0,
1235,12345,FALSE,27,19,0.0,0.0,0.0,0.0,
1261,12345,FALSE,27,46,0.0,0.0,0.0,0.0,
1262,12345,FALSE,27,47,0.0,0.0,0.0,0.0,
1263,12345,FALSE,27,48,0.0,0.0,0.0,0.0,
1264,12345,FALSE,28,01,0.0,0.0,0.0,0.0,
1265,12345,FALSE,28,02,0.0,0.0,0.0,0.0,
1266,12345,FALSE,28,03,0.0,0.0,0.0,0.0,
1252,12345,FALSE,27,37,0.0,0.0,0.0,0.0,
1251,12345,FALSE,27,36,0.0,0.0,0.0,0.0,
1250,12345,FALSE,27,35,0.0,0.0,0.0,0.0,
1249,12345,FALSE,27,34,0.0,0.0,0.0,0.0,
1248,12345,FALSE,27,33,0.0,0.0,0.0,0.0,
1247,12345,FALSE,27,32,0.0,0.0,0.0,0.0,
1246,12345,FALSE,27,31,0.0,0.0,0.0,0.0,
1245,12345,FALSE,27,30,0.0,0.0,0.0,0.0,
1244,12345,FALSE,27,29,0.0,0.0,0.0,0.0,
1243,12345,FALSE,27,28,0.0,0.0,0.0,0.0,
1242,12345,FALSE,27,26,0.0,0.0,0.0,0.0,
1241,12345,FALSE,27,25,0.0,0.0,0.0,0.0,
1240,12345,FALSE,27,24,0.0,0.0,0.0,0.0,
1239,12345,FALSE,27,23,0.0,0.0,0.0,0.0,
1238,12345,FALSE,27,22,0.0,0.0,0.0,0.0,
1237,12345,FALSE,27,21,0.0,0.0,0.0,0.0,
1236,12345,FALSE,27,20,0.0,0.0,0.0,0.0,
1199,12345,FALSE,26,31,0.0,0.0,0.0,0.0,
1198,12345,FALSE,26,30,0.0,0.0,0.0,0.0,
1197,12345,FALSE,26,29,0.0,0.0,0.0,0.0,
1153,12345,FALSE,25,31,0.0,0.0,0.0,0.0,
1147,12345,FALSE,25,24,0.0,0.0,0.0,0.0,
1148,12345,FALSE,25,26,0.0,0.0,0.0,0.0,
1149,12345,FALSE,25,27,0.0,0.0,0.0,0.0,
1150,12345,FALSE,25,28,0.0,0.0,0.0,0.0,
1151,12345,FALSE,25,29,0.0,0.0,0.0,0.0,
1152,12345,FALSE,25,30,0.0,0.0,0.0,0.0,
1154,12345,FALSE,25,32,0.0,0.0,0.0,0.0,
1162,12345,FALSE,25,40,0.0,0.0,0.0,0.0,
1155,12345,FALSE,25,33,0.0,0.0,0.0,0.0,
1156,12345,FALSE,25,34,0.0,0.0,0.0,0.0,
1157,12345,FALSE,25,35,0.0,0.0,0.0,0.0,
1158,12345,FALSE,25,36,0.0,0.0,0.0,0.0,
1159,12345,FALSE,25,37,0.0,0.0,0.0,0.0,
1160,12345,FALSE,25,38,0.0,0.0,0.0,0.0,
1146,12345,FALSE,25,23,0.0,0.0,0.0,0.0,
1145,12345,FALSE,25,22,0.0,0.0,0.0,0.0,
1144,12345,FALSE,25,21,0.0,0.0,0.0,0.0,
1143,12345,FALSE,25,20,0.0,0.0,0.0,0.0,
1142,12345,FALSE,25,19,0.0,0.0,0.0,0.0,
1141,12345,FALSE,25,18,0.0,0.0,0.0,0.0,
1140,12345,FALSE,25,17,0.0,0.0,0.0,0.0,
1139,12345,FALSE,25,16,0.0,0.0,0.0,0.0,
1138,12345,FALSE,25,15,0.0,0.0,0.0,0.0,
1137,12345,FALSE,25,14,0.0,0.0,0.0,0.0,
1136,12345,FALSE,25,13,0.0,0.0,0.0,0.0,
1135,12345,FALSE,25,12,0.01,0.01,0.01,0.01,
1134,12345,FALSE,25,11,0.0,0.0,0.0,0.0,
1133,12345,FALSE,25,10,0.0,0.0,0.0,0.0,
1132,12345,FALSE,25,09,0.0,0.0,0.0,0.0,
1131,12345,FALSE,25,08,0.0,0.0,0.0,0.0,
1130,12345,FALSE,25,07,0.0,0.0,0.0,0.0,
1161,12345,FALSE,25,39,0.0,0.0,0.0,0.0,
1163,12345,FALSE,25,41,0.0,0.0,0.0,0.0,
1196,12345,FALSE,26,28,0.0,0.0,0.0,0.0,
1188,12345,FALSE,26,19,0.0,0.0,0.0,0.0,
1182,12345,FALSE,26,12,0.0,0.0,0.0,0.0,
1183,12345,FALSE,26,13,0.0,0.0,0.0,0.0,
1184,12345,FALSE,26,15,0.0,0.0,0.0,0.0,
1185,12345,FALSE,26,16,0.0,0.0,0.0,0.0,
1186,12345,FALSE,26,17,0.0,0.0,0.0,0.0,
1187,12345,FALSE,26,18,0.0,0.0,0.0,0.0,
1189,12345,FALSE,26,20,0.0,0.0,0.0,0.0,
1164,12345,FALSE,25,42,0.0,0.0,0.0,0.0,
1190,12345,FALSE,26,21,0.0,0.0,0.0,0.0,
1191,12345,FALSE,26,22,0.0,0.0,0.0,0.0,
1192,12345,FALSE,26,23,0.0,0.0,0.0,0.0,
1193,12345,FALSE,26,24,0.0,0.0,0.0,0.0,
1194,12345,FALSE,26,25,0.0,0.0,0.0,0.0,
1195,12345,FALSE,26,27,0.0,0.0,0.0,0.0,
1181,12345,FALSE,26,11,0.0,0.0,0.0,0.0,
1180,12345,FALSE,26,10,0.0,0.0,0.0,0.0,
1179,12345,FALSE,26,09,0.0,0.0,0.0,0.0,
1178,12345,FALSE,26,08,0.0,0.0,0.0,0.0,
1177,12345,FALSE,26,07,0.0,0.0,0.0,0.0,
1176,12345,FALSE,26,06,0.0,0.0,0.0,0.0,
1175,12345,FALSE,26,05,0.0,0.0,0.0,0.0,
1174,12345,FALSE,26,04,0.0,0.0,0.0,0.0,
1173,12345,FALSE,26,03,0.0,0.0,0.0,0.0,
1172,12345,FALSE,26,02,0.0,0.0,0.0,0.0,
1171,12345,FALSE,26,01,0.0,0.0,0.0,0.0,
1170,12345,FALSE,25,48,0.0,0.0,0.0,0.0,
1169,12345,FALSE,25,47,0.0,0.0,0.0,0.0,
1168,12345,FALSE,25,46,0.0,0.0,0.0,0.0,
1167,12345,FALSE,25,45,0.0,0.0,0.0,0.0,
1166,12345,FALSE,25,44,0.0,0.0,0.0,0.0,
1165,12345,FALSE,25,43,0.0,0.0,0.0,0.0,
1267,12345,FALSE,28,04,0.0,0.0,0.0,0.0,
1268,12345,FALSE,28,05,0.0,0.0,0.0,0.0,
1269,12345,FALSE,28,06,0.0,0.0,0.0,0.0,
1364,12345,FALSE,30,07,0.0,0.0,0.0,0.0,
1358,12345,FALSE,30,01,0.0,0.0,0.0,0.0,
1359,12345,FALSE,30,02,0.0,0.0,0.0,0.0,
1360,12345,FALSE,30,03,0.0,0.0,0.0,0.0,
1361,12345,FALSE,30,04,0.0,0.0,0.0,0.0,
1362,12345,FALSE,30,05,0.0,0.0,0.0,0.0,
1363,12345,FALSE,30,06,0.0,0.0,0.0,0.0,
1365,12345,FALSE,30,08,0.0,0.0,0.0,0.0,
1373,12345,FALSE,30,16,0.0,0.0,0.0,0.0,
1366,12345,FALSE,30,09,0.0,0.0,0.0,0.0,
1367,12345,FALSE,30,10,0.0,0.0,0.0,0.0,
1368,12345,FALSE,30,11,0.0,0.0,0.0,0.0,
1369,12345,FALSE,30,12,0.0,0.0,0.0,0.0,
1370,12345,FALSE,30,13,0.0,0.0,0.0,0.0,
1371,12345,FALSE,30,14,0.0,0.0,0.0,0.0,
1357,12345,FALSE,29,48,0.0,0.0,0.0,0.0,
1356,12345,FALSE,29,47,0.0,0.0,0.0,0.0,
1355,12345,FALSE,29,46,0.0,0.0,0.0,0.0,
1354,12345,FALSE,29,45,0.0,0.0,0.0,0.0,
1353,12345,FALSE,29,44,0.0,0.0,0.0,0.0,
1352,12345,FALSE,29,43,0.0,0.0,0.0,0.0,
1351,12345,FALSE,29,42,0.0,0.0,0.0,0.0,
1350,12345,FALSE,29,41,0.0,0.0,0.0,0.0,
1349,12345,FALSE,29,40,0.0,0.0,0.0,0.0,
1348,12345,FALSE,29,39,0.0,0.0,0.0,0.0,
1347,12345,FALSE,29,38,0.0,0.0,0.0,0.0,
1346,12345,FALSE,29,37,0.0,0.0,0.0,0.0,
1345,12345,FALSE,29,36,0.0,0.0,0.0,0.0,
1344,12345,FALSE,29,35,0.0,0.0,0.0,0.0,
1343,12345,FALSE,29,34,0.0,0.0,0.0,0.0,
1342,12345,FALSE,29,33,0.0,0.0,0.0,0.0,
1341,12345,FALSE,29,32,0.0,0.0,0.0,0.0,
1372,12345,FALSE,30,15,0.0,0.01,0.0,0.0,
1374,12345,FALSE,30,17,0.0,0.0,0.0,0.0,
1339,12345,FALSE,29,30,0.0,0.0,0.0,0.0,
1399,12345,FALSE,30,43,0.0,0.0,0.0,0.0,
1393,12345,FALSE,30,37,0.0,0.0,0.0,0.0,
1394,12345,FALSE,30,38,0.0,0.0,0.0,0.0,
1395,12345,FALSE,30,39,0.0,0.0,0.0,0.0,
1396,12345,FALSE,30,40,0.0,0.0,0.0,0.0,
1397,12345,FALSE,30,41,0.0,0.0,0.0,0.0,
1398,12345,FALSE,30,42,0.0,0.0,0.0,0.0,
1400,12345,FALSE,30,44,0.0,0.0,0.0,0.0,
1375,12345,FALSE,30,18,0.0,0.0,0.0,0.0,
1401,12345,FALSE,30,45,0.0,0.0,0.0,0.0,
1402,12345,FALSE,30,46,0.0,0.0,0.0,0.0,
1403,12345,FALSE,30,47,0.0,0.0,0.0,0.0,
1404,12345,FALSE,30,48,0.0,0.0,0.0,0.0,
1405,12345,FALSE,31,01,0.0,0.0,0.0,0.0,
1689,12345,FALSE,37,03,0.0,0.0,0.0,0.0,
1392,12345,FALSE,30,36,0.0,0.0,0.0,0.0,
1391,12345,FALSE,30,35,0.0,0.0,0.0,0.0,
1390,12345,FALSE,30,34,0.0,0.0,0.0,0.0,
1389,12345,FALSE,30,33,0.0,0.0,0.0,0.0,
1388,12345,FALSE,30,32,0.0,0.01,0.0,0.0,
1387,12345,FALSE,30,31,0.0,0.0,0.0,0.0,
1386,12345,FALSE,30,29,0.0,0.0,0.0,0.0,
1385,12345,FALSE,30,28,0.0,0.0,0.0,0.0,
1384,12345,FALSE,30,27,0.0,0.0,0.0,0.0,
1383,12345,FALSE,30,26,0.0,0.0,0.0,0.0,
1382,12345,FALSE,30,25,0.0,0.0,0.0,0.0,
1381,12345,FALSE,30,24,0.0,0.0,0.0,0.0,
1380,12345,FALSE,30,23,0.0,0.0,0.0,0.0,
1379,12345,FALSE,30,22,0.0,0.0,0.0,0.0,
1378,12345,FALSE,30,21,0.0,0.0,0.0,0.0,
1377,12345,FALSE,30,20,0.0,0.0,0.0,0.0,
1376,12345,FALSE,30,19,0.0,0.0,0.0,0.0,
1340,12345,FALSE,29,31,0.0,0.0,0.0,0.0,
1338,12345,FALSE,29,28,0.01,0.01,0.01,0.01,
1270,12345,FALSE,28,07,0.0,0.0,0.0,0.0,
1294,12345,FALSE,28,32,0.0,0.0,0.0,0.0,
1288,12345,FALSE,28,25,0.0,0.0,0.0,0.0,
1289,12345,FALSE,28,26,0.0,0.0,0.0,0.0,
1290,12345,FALSE,28,27,0.0,0.0,0.0,0.0,
1291,12345,FALSE,28,29,0.0,0.01,0.0,0.0,
1292,12345,FALSE,28,30,0.0,0.0,0.0,0.0,
1293,12345,FALSE,28,31,0.0,0.0,0.0,0.0,
1295,12345,FALSE,28,33,0.0,0.0,0.0,0.0,
1303,12345,FALSE,28,41,0.0,0.0,0.0,0.0,
1296,12345,FALSE,28,34,0.0,0.0,0.0,0.0,
1297,12345,FALSE,28,35,0.0,0.0,0.0,0.0,
1298,12345,FALSE,28,36,0.0,0.0,0.0,0.0,
1299,12345,FALSE,28,37,0.0,0.0,0.0,0.0,
1300,12345,FALSE,28,38,0.0,0.0,0.0,0.0,
1301,12345,FALSE,28,39,0.0,0.0,0.0,0.0,
1287,12345,FALSE,28,24,0.0,0.0,0.0,0.0,
1286,12345,FALSE,28,23,0.0,0.0,0.0,0.0,
1285,12345,FALSE,28,22,0.0,0.0,0.0,0.0,
1284,12345,FALSE,28,21,0.0,0.0,0.0,0.0,
1283,12345,FALSE,28,20,0.0,0.0,0.0,0.0,
1282,12345,FALSE,28,19,0.0,0.0,0.0,0.0,
1281,12345,FALSE,28,18,0.0,0.0,0.0,0.0,
1280,12345,FALSE,28,17,0.0,0.0,0.0,0.0,
1279,12345,FALSE,28,16,0.0,0.0,0.0,0.0,
1278,12345,FALSE,28,15,0.0,0.0,0.0,0.0,
1277,12345,FALSE,28,14,0.0,0.0,0.0,0.0,
1276,12345,FALSE,28,13,0.0,0.0,0.0,0.0,
1275,12345,FALSE,28,12,0.0,0.0,0.0,0.0,
1274,12345,FALSE,28,11,0.0,0.0,0.0,0.0,
1273,12345,FALSE,28,10,0.0,0.0,0.0,0.0,
1272,12345,FALSE,28,09,0.0,0.0,0.0,0.0,
1271,12345,FALSE,28,08,0.0,0.0,0.0,0.0,
1302,12345,FALSE,28,40,0.0,0.0,0.0,0.0,
1304,12345,FALSE,28,42,0.0,0.0,0.0,0.0,
1337,12345,FALSE,29,27,0.0,0.0,0.0,0.0,
1329,12345,FALSE,29,19,0.0,0.0,0.0,0.0,
1323,12345,FALSE,29,13,0.0,0.0,0.0,0.0,
1324,12345,FALSE,29,14,0.0,0.0,0.0,0.0,
1325,12345,FALSE,29,15,0.0,0.0,0.0,0.0,
1326,12345,FALSE,29,16,0.0,0.0,0.0,0.0,
1327,12345,FALSE,29,17,0.0,0.0,0.0,0.0,
1328,12345,FALSE,29,18,0.0,0.0,0.0,0.0,
1330,12345,FALSE,29,20,0.0,0.0,0.0,0.0,
1305,12345,FALSE,28,43,0.0,0.0,0.0,0.0,
1331,12345,FALSE,29,21,0.0,0.0,0.0,0.0,
1332,12345,FALSE,29,22,0.0,0.0,0.0,0.0,
1333,12345,FALSE,29,23,0.0,0.0,0.0,0.0,
1334,12345,FALSE,29,24,0.0,0.0,0.0,0.0,
1335,12345,FALSE,29,25,0.0,0.0,0.0,0.0,
1336,12345,FALSE,29,26,0.0,0.0,0.0,0.0,
1322,12345,FALSE,29,12,0.0,0.0,0.0,0.0,
1321,12345,FALSE,29,11,0.0,0.0,0.0,0.0,
1320,12345,FALSE,29,10,0.0,0.0,0.0,0.0,
1319,12345,FALSE,29,09,0.0,0.0,0.0,0.0,
1318,12345,FALSE,29,08,0.0,0.0,0.0,0.0,
1317,12345,FALSE,29,07,0.0,0.0,0.0,0.0,
1316,12345,FALSE,29,06,0.0,0.0,0.0,0.0,
1315,12345,FALSE,29,05,0.0,0.0,0.0,0.0,
1314,12345,FALSE,29,04,0.0,0.0,0.0,0.0,
1313,12345,FALSE,29,03,0.0,0.0,0.0,0.0,
1312,12345,FALSE,29,02,0.0,0.0,0.0,0.0,
1311,12345,FALSE,29,01,0.0,0.0,0.0,0.0,
1310,12345,FALSE,28,48,0.0,0.0,0.0,0.0,
1309,12345,FALSE,28,47,0.0,0.0,0.0,0.0,
1308,12345,FALSE,28,46,0.0,0.0,0.0,0.0,
1307,12345,FALSE,28,45,0.0,0.0,0.0,0.0,
1306,12345,FALSE,28,44,0.0,0.0,0.0,0.0,
1688,12345,FALSE,37,02,0.0,0.0,0.0,0.0,
1692,12345,FALSE,37,06,0.0,0.0,0.0,0.0,
1690,12345,FALSE,37,04,0.0,0.0,0.0,0.0,
2067,12345,FALSE,45,06,0.0,0.0,0.0,0.0,
2061,12345,FALSE,44,48,0.0,0.0,0.0,0.0,
2062,12345,FALSE,45,01,0.0,0.0,0.0,0.0,
2063,12345,FALSE,45,02,0.0,0.0,0.0,0.0,
2064,12345,FALSE,45,03,0.0,0.0,0.0,0.0,
2065,12345,FALSE,45,04,0.0,0.0,0.0,0.0,
2066,12345,FALSE,45,05,0.0,0.0,0.0,0.0,
2068,12345,FALSE,45,07,0.0,0.0,0.0,0.0,
2059,12345,FALSE,44,46,0.0,0.0,0.0,0.0,
2069,12345,FALSE,45,08,0.0,0.0,0.0,0.0,
2070,12345,FALSE,45,09,0.0,0.0,0.0,0.0,
2071,12345,FALSE,45,10,0.0,0.0,0.0,0.0,
2072,12345,FALSE,45,11,0.0,0.0,0.0,0.0,
2073,12345,FALSE,45,12,0.0,0.0,0.0,0.0,
2074,12345,FALSE,45,13,0.0,0.0,0.0,0.0,
2060,12345,FALSE,44,47,0.0,0.0,0.0,0.0,
2058,12345,FALSE,44,45,0.0,0.0,0.0,0.0,
1971,12345,FALSE,43,04,0.0,0.0,0.0,0.0,
2049,12345,FALSE,44,35,0.0,0.0,0.0,0.0,
2043,12345,FALSE,44,29,0.0,0.0,0.0,0.0,
2044,12345,FALSE,44,30,0.0,0.0,0.0,0.0,
2045,12345,FALSE,44,31,0.0,0.0,0.0,0.0,
2046,12345,FALSE,44,32,0.0,0.0,0.0,0.0,
2047,12345,FALSE,44,33,0.0,0.0,0.0,0.0,
2048,12345,FALSE,44,34,0.0,0.0,0.0,0.0,
2050,12345,FALSE,44,36,0.0,0.0,0.0,0.0,
2057,12345,FALSE,44,43,0.01,0.01,0.0,0.01,
2051,12345,FALSE,44,37,0.0,0.0,0.0,0.0,
2052,12345,FALSE,44,38,0.0,0.0,0.0,0.0,
2053,12345,FALSE,44,39,0.0,0.0,0.0,0.0,
2054,12345,FALSE,44,40,0.0,0.0,0.0,0.0,
2055,12345,FALSE,44,41,0.0,0.0,0.0,0.0,
2056,12345,FALSE,44,42,0.0,0.0,0.0,0.0,
2075,12345,FALSE,45,14,0.0,0.0,0.0,0.0,
2076,12345,FALSE,45,15,0.0,0.0,0.0,0.0,
2077,12345,FALSE,45,16,0.0,0.0,0.0,0.0,
2102,12345,FALSE,45,41,0.0,0.0,0.0,0.0,
2096,12345,FALSE,45,35,0.0,0.0,0.0,0.0,
2097,12345,FALSE,45,36,0.0,0.0,0.0,0.0,
2098,12345,FALSE,45,37,0.0,0.0,0.0,0.0,
2099,12345,FALSE,45,38,0.0,0.0,0.0,0.0,
2100,12345,FALSE,45,39,0.0,0.0,0.0,0.0,
2101,12345,FALSE,45,40,0.0,0.0,0.0,0.0,
2103,12345,FALSE,45,42,0.05,0.04,0.03,0.04,
2078,12345,FALSE,45,17,0.0,0.0,0.0,0.0,
2104,12345,FALSE,45,43,0.0,0.0,0.0,0.0,
2105,12345,FALSE,45,44,0.0,0.0,0.0,0.0,
2106,12345,FALSE,45,46,0.0,0.0,0.0,0.0,
2107,12345,FALSE,45,47,0.0,0.0,0.0,0.0,
2108,12345,FALSE,45,48,0.0,0.0,0.0,0.0,
2109,12345,FALSE,46,01,0.0,0.0,0.0,0.0,
2095,12345,FALSE,45,34,0.0,0.0,0.0,0.0,
2094,12345,FALSE,45,33,0.0,0.0,0.0,0.0,
2093,12345,FALSE,45,32,0.0,0.0,0.0,0.0,
2092,12345,FALSE,45,31,0.0,0.0,0.0,0.0,
2091,12345,FALSE,45,30,0.0,0.0,0.0,0.0,
2090,12345,FALSE,45,29,0.0,0.0,0.0,0.0,
2089,12345,FALSE,45,28,0.0,0.0,0.0,0.0,
2088,12345,FALSE,45,27,0.0,0.0,0.0,0.0,
2087,12345,FALSE,45,26,0.0,0.0,0.0,0.0,
2086,12345,FALSE,45,25,0.0,0.0,0.0,0.0,
2085,12345,FALSE,45,24,0.0,0.0,0.0,0.0,
2084,12345,FALSE,45,23,0.0,0.0,0.0,0.0,
2083,12345,FALSE,45,22,0.0,0.0,0.0,0.0,
2082,12345,FALSE,45,21,0.0,0.0,0.0,0.0,
2081,12345,FALSE,45,20,0.0,0.0,0.0,0.0,
2080,12345,FALSE,45,19,0.0,0.0,0.0,0.0,
2079,12345,FALSE,45,18,0.0,0.0,0.0,0.0,
2042,12345,FALSE,44,28,0.0,0.0,0.0,0.0,
2041,12345,FALSE,44,27,0.0,0.0,0.0,0.0,
2040,12345,FALSE,44,26,0.0,0.0,0.0,0.0,
1996,12345,FALSE,43,29,0.0,0.0,0.0,0.0,
1990,12345,FALSE,43,23,0.0,0.0,0.0,0.0,
1991,12345,FALSE,43,24,0.0,0.0,0.0,0.0,
1992,12345,FALSE,43,25,0.0,0.0,0.0,0.0,
1993,12345,FALSE,43,26,0.0,0.0,0.0,0.0,
1994,12345,FALSE,43,27,0.0,0.0,0.0,0.0,
1995,12345,FALSE,43,28,0.0,0.0,0.0,0.0,
1997,12345,FALSE,43,30,0.0,0.0,0.0,0.0,
2005,12345,FALSE,43,38,0.0,0.0,0.0,0.0,
1998,12345,FALSE,43,31,0.0,0.0,0.0,0.0,
1999,12345,FALSE,43,32,0.0,0.0,0.0,0.0,
2000,12345,FALSE,43,33,0.0,0.0,0.0,0.0,
2001,12345,FALSE,43,34,0.0,0.0,0.0,0.0,
2002,12345,FALSE,43,35,0.0,0.0,0.0,0.0,
2003,12345,FALSE,43,36,0.0,0.0,0.0,0.0,
1989,12345,FALSE,43,22,0.0,0.0,0.0,0.0,
1988,12345,FALSE,43,21,0.0,0.0,0.0,0.0,
1987,12345,FALSE,43,20,0.0,0.0,0.0,0.0,
1986,12345,FALSE,43,19,0.0,0.0,0.0,0.0,
1985,12345,FALSE,43,18,0.0,0.0,0.0,0.0,
1984,12345,FALSE,43,17,0.0,0.0,0.0,0.0,
1983,12345,FALSE,43,16,0.0,0.0,0.0,0.0,
1982,12345,FALSE,43,15,0.0,0.0,0.0,0.0,
1981,12345,FALSE,43,14,0.0,0.0,0.0,0.0,
1980,12345,FALSE,43,13,0.0,0.0,0.0,0.0,
1979,12345,FALSE,43,12,0.0,0.0,0.0,0.0,
1978,12345,FALSE,43,11,0.0,0.0,0.0,0.0,
1977,12345,FALSE,43,10,0.0,0.0,0.0,0.0,
1976,12345,FALSE,43,09,0.0,0.0,0.0,0.0,
1975,12345,FALSE,43,08,0.0,0.0,0.0,0.0,
1974,12345,FALSE,43,07,0.0,0.0,0.0,0.0,
1973,12345,FALSE,43,06,0.0,0.0,0.0,0.0,
2004,12345,FALSE,43,37,0.0,0.0,0.0,0.0,
2006,12345,FALSE,43,39,0.0,0.0,0.0,0.0,
2039,12345,FALSE,44,25,0.0,0.0,0.0,0.0,
2031,12345,FALSE,44,17,0.0,0.0,0.0,0.0,
2025,12345,FALSE,44,11,0.0,0.0,0.0,0.0,
2026,12345,FALSE,44,12,0.0,0.0,0.0,0.0,
2027,12345,FALSE,44,13,0.0,0.0,0.0,0.0,
2028,12345,FALSE,44,14,0.0,0.0,0.0,0.0,
2029,12345,FALSE,44,15,0.0,0.0,0.0,0.0,
2030,12345,FALSE,44,16,0.0,0.0,0.0,0.0,
2032,12345,FALSE,44,18,0.0,0.0,0.0,0.0,
2007,12345,FALSE,43,40,0.0,0.0,0.0,0.0,
2033,12345,FALSE,44,19,0.0,0.0,0.0,0.0,
2034,12345,FALSE,44,20,0.0,0.0,0.0,0.0,
2035,12345,FALSE,44,21,0.0,0.0,0.0,0.0,
2036,12345,FALSE,44,22,0.0,0.0,0.0,0.0,
2037,12345,FALSE,44,23,0.0,0.0,0.0,0.0,
2038,12345,FALSE,44,24,0.0,0.0,0.0,0.0,
2024,12345,FALSE,44,10,0.0,0.0,0.0,0.0,
2023,12345,FALSE,44,09,0.0,0.0,0.0,0.0,
2022,12345,FALSE,44,08,0.0,0.0,0.0,0.0,
2021,12345,FALSE,44,07,0.0,0.0,0.0,0.0,
2020,12345,FALSE,44,06,0.0,0.0,0.0,0.0,
2019,12345,FALSE,44,05,0.0,0.0,0.0,0.0,
2018,12345,FALSE,44,04,0.0,0.0,0.0,0.0,
2017,12345,FALSE,44,03,0.0,0.0,0.0,0.0,
2016,12345,FALSE,44,02,0.0,0.0,0.0,0.0,
2015,12345,FALSE,44,01,0.0,0.0,0.0,0.0,
2014,12345,FALSE,43,48,0.01,0.01,0.01,0.01,
2013,12345,FALSE,43,47,0.0,0.0,0.0,0.0,
2012,12345,FALSE,43,46,0.0,0.01,0.01,0.01,
2011,12345,FALSE,43,45,0.0,0.0,0.0,0.0,
2010,12345,FALSE,43,44,0.0,0.0,0.0,0.0,
2009,12345,FALSE,43,42,0.0,0.0,0.0,0.0,
2008,12345,FALSE,43,41,0.0,0.0,0.0,0.0,
2110,12345,FALSE,46,02,0.0,0.0,0.0,0.0,
2111,12345,FALSE,46,03,0.0,0.0,0.0,0.0,
2112,12345,FALSE,46,04,0.0,0.0,0.0,0.0,
2207,12345,FALSE,48,05,0.0,0.0,0.0,0.0,
2201,12345,FALSE,47,46,0.0,0.0,0.0,0.0,
2202,12345,FALSE,47,48,0.0,0.0,0.0,0.0,
2203,12345,FALSE,48,01,0.0,0.0,0.0,0.0,
2204,12345,FALSE,48,02,0.0,0.0,0.0,0.0,
2205,12345,FALSE,48,03,0.0,0.0,0.0,0.0,
2206,12345,FALSE,48,04,0.0,0.0,0.0,0.0,
2208,12345,FALSE,48,06,0.0,0.0,0.0,0.0,
2216,12345,FALSE,48,14,0.0,0.0,0.0,0.0,
2209,12345,FALSE,48,07,0.0,0.0,0.0,0.0,
2210,12345,FALSE,48,08,0.0,0.0,0.0,0.0,
2211,12345,FALSE,48,09,0.0,0.0,0.0,0.0,
2212,12345,FALSE,48,10,0.0,0.0,0.0,0.0,
2213,12345,FALSE,48,11,0.0,0.0,0.0,0.0,
2214,12345,FALSE,48,12,0.0,0.0,0.0,0.0,
2200,12345,FALSE,47,45,0.0,0.0,0.0,0.0,
2199,12345,FALSE,47,44,0.0,0.0,0.0,0.0,
2198,12345,FALSE,47,43,0.0,0.0,0.0,0.0,
2197,12345,FALSE,47,42,0.0,0.0,0.0,0.0,
2196,12345,FALSE,47,41,0.0,0.0,0.0,0.0,
2195,12345,FALSE,47,40,0.0,0.0,0.0,0.0,
2194,12345,FALSE,47,39,0.0,0.0,0.0,0.0,
2193,12345,FALSE,47,38,0.0,0.0,0.0,0.0,
2192,12345,FALSE,47,37,0.0,0.0,0.0,0.0,
2191,12345,FALSE,47,36,0.0,0.0,0.0,0.0,
2190,12345,FALSE,47,35,0.0,0.0,0.0,0.0,
2189,12345,FALSE,47,34,0.0,0.0,0.0,0.0,
2188,12345,FALSE,47,33,0.0,0.0,0.0,0.0,
2187,12345,FALSE,47,32,0.0,0.0,0.0,0.0,
2186,12345,FALSE,47,31,0.0,0.0,0.0,0.0,
2185,12345,FALSE,47,30,0.0,0.0,0.0,0.0,
2184,12345,FALSE,47,29,0.0,0.0,0.0,0.0,
2215,12345,FALSE,48,13,0.0,0.0,0.0,0.0,
2217,12345,FALSE,48,15,0.0,0.0,0.0,0.0,
2182,12345,FALSE,47,27,0.0,0.0,0.0,0.0,
2242,12345,FALSE,48,40,0.0,0.0,0.0,0.0,
2236,12345,FALSE,48,34,0.0,0.0,0.0,0.0,
2237,12345,FALSE,48,35,0.0,0.0,0.0,0.0,
2238,12345,FALSE,48,36,0.0,0.0,0.0,0.0,
2239,12345,FALSE,48,37,0.0,0.0,0.0,0.0,
2240,12345,FALSE,48,38,0.0,0.0,0.0,0.0,
2241,12345,FALSE,48,39,0.0,0.0,0.0,0.0,
2243,12345,FALSE,48,41,0.01,0.0,0.0,0.0,
2218,12345,FALSE,48,16,0.01,0.01,0.01,0.01,
2244,12345,FALSE,48,42,0.0,0.0,0.0,0.0,
2245,12345,FALSE,48,43,0.0,0.0,0.0,0.0,
2246,12345,FALSE,48,44,0.0,0.0,0.0,0.0,
2247,12345,FALSE,48,45,0.0,0.0,0.0,0.0,
2248,12345,FALSE,48,46,0.0,0.0,0.0,0.0,
2249,12345,FALSE,48,47,0.01,0.01,0.01,0.01,
2235,12345,FALSE,48,33,0.0,0.0,0.0,0.0,
2234,12345,FALSE,48,32,0.0,0.0,0.0,0.0,
2233,12345,FALSE,48,31,0.0,0.0,0.0,0.0,
2232,12345,FALSE,48,30,0.0,0.0,0.0,0.0,
2231,12345,FALSE,48,29,0.0,0.0,0.0,0.0,
2230,12345,FALSE,48,28,0.0,0.0,0.0,0.0,
2229,12345,FALSE,48,27,0.0,0.0,0.0,0.0,
2228,12345,FALSE,48,26,0.0,0.0,0.0,0.0,
2227,12345,FALSE,48,25,0.0,0.0,0.0,0.0,
2226,12345,FALSE,48,24,0.0,0.0,0.0,0.0,
2225,12345,FALSE,48,23,0.0,0.0,0.0,0.0,
2224,12345,FALSE,48,22,0.0,0.0,0.0,0.0,
2223,12345,FALSE,48,21,0.0,0.0,0.0,0.0,
2222,12345,FALSE,48,20,0.0,0.0,0.0,0.0,
2221,12345,FALSE,48,19,0.0,0.0,0.0,0.0,
2220,12345,FALSE,48,18,0.0,0.0,0.0,0.0,
2219,12345,FALSE,48,17,0.0,0.0,0.0,0.0,
2183,12345,FALSE,47,28,0.0,0.0,0.0,0.0,
2181,12345,FALSE,47,26,0.0,0.0,0.0,0.0,
2113,12345,FALSE,46,05,0.0,0.0,0.0,0.0,
2137,12345,FALSE,46,29,0.0,0.0,0.0,0.0,
2131,12345,FALSE,46,23,0.0,0.0,0.0,0.0,
2132,12345,FALSE,46,24,0.0,0.0,0.0,0.0,
2133,12345,FALSE,46,25,0.0,0.0,0.0,0.0,
2134,12345,FALSE,46,26,0.0,0.0,0.0,0.0,
2135,12345,FALSE,46,27,0.0,0.0,0.0,0.0,
2136,12345,FALSE,46,28,0.0,0.0,0.0,0.0,
2138,12345,FALSE,46,30,0.0,0.0,0.0,0.0,
2146,12345,FALSE,46,38,0.0,0.0,0.0,0.0,
2139,12345,FALSE,46,31,0.0,0.0,0.0,0.0,
2140,12345,FALSE,46,32,0.0,0.0,0.0,0.0,
2141,12345,FALSE,46,33,0.0,0.0,0.0,0.0,
2142,12345,FALSE,46,34,0.0,0.0,0.0,0.0,
2143,12345,FALSE,46,35,0.0,0.0,0.0,0.0,
2144,12345,FALSE,46,36,0.0,0.0,0.0,0.0,
2130,12345,FALSE,46,22,0.0,0.0,0.0,0.0,
2129,12345,FALSE,46,21,0.0,0.0,0.0,0.0,
2128,12345,FALSE,46,20,0.0,0.0,0.0,0.0,
2127,12345,FALSE,46,19,0.0,0.0,0.0,0.0,
2126,12345,FALSE,46,18,0.0,0.0,0.0,0.0,
2125,12345,FALSE,46,17,0.0,0.0,0.0,0.0,
2124,12345,FALSE,46,16,0.0,0.0,0.0,0.0,
2123,12345,FALSE,46,15,0.0,0.0,0.0,0.0,
2122,12345,FALSE,46,14,0.0,0.0,0.0,0.0,
2121,12345,FALSE,46,13,0.0,0.0,0.0,0.0,
2120,12345,FALSE,46,12,0.0,0.0,0.0,0.0,
2119,12345,FALSE,46,11,0.0,0.0,0.0,0.0,
2118,12345,FALSE,46,10,0.0,0.0,0.0,0.0,
2117,12345,FALSE,46,09,0.0,0.0,0.0,0.0,
2116,12345,FALSE,46,08,0.0,0.0,0.0,0.0,
2115,12345,FALSE,46,07,0.0,0.0,0.0,0.0,
2114,12345,FALSE,46,06,0.0,0.0,0.0,0.0,
2145,12345,FALSE,46,37,0.0,0.0,0.0,0.0,
2147,12345,FALSE,46,39,0.0,0.0,0.0,0.0,
2180,12345,FALSE,47,25,0.0,0.0,0.0,0.0,
2172,12345,FALSE,47,17,0.0,0.0,0.0,0.0,
2166,12345,FALSE,47,11,0.0,0.0,0.0,0.0,
2167,12345,FALSE,47,12,0.0,0.0,0.0,0.0,
2168,12345,FALSE,47,13,0.0,0.0,0.0,0.0,
2169,12345,FALSE,47,14,0.0,0.0,0.0,0.0,
2170,12345,FALSE,47,15,0.0,0.0,0.0,0.0,
2171,12345,FALSE,47,16,0.0,0.0,0.0,0.0,
2173,12345,FALSE,47,18,0.0,0.0,0.0,0.0,
2148,12345,FALSE,46,40,0.0,0.0,0.0,0.0,
2174,12345,FALSE,47,19,0.0,0.0,0.0,0.0,
2175,12345,FALSE,47,20,0.0,0.0,0.0,0.0,
2176,12345,FALSE,47,21,0.0,0.0,0.0,0.0,
2177,12345,FALSE,47,22,0.0,0.0,0.0,0.0,
2178,12345,FALSE,47,23,0.0,0.0,0.0,0.0,
2179,12345,FALSE,47,24,0.0,0.0,0.0,0.0,
2165,12345,FALSE,47,10,0.0,0.0,0.0,0.0,
2164,12345,FALSE,47,09,0.0,0.0,0.0,0.0,
2163,12345,FALSE,47,08,0.0,0.0,0.0,0.0,
2162,12345,FALSE,47,07,0.0,0.0,0.0,0.0,
2161,12345,FALSE,47,06,0.0,0.0,0.0,0.0,
2160,12345,FALSE,47,05,0.0,0.0,0.0,0.0,
2159,12345,FALSE,47,04,0.0,0.0,0.0,0.0,
2158,12345,FALSE,47,03,0.0,0.0,0.0,0.0,
2157,12345,FALSE,47,02,0.0,0.0,0.0,0.0,
2156,12345,FALSE,47,01,0.0,0.0,0.0,0.0,
2155,12345,FALSE,46,48,0.0,0.0,0.0,0.0,
2154,12345,FALSE,46,47,0.0,0.0,0.0,0.0,
2153,12345,FALSE,46,45,0.0,0.0,0.0,0.0,
2152,12345,FALSE,46,44,0.0,0.0,0.0,0.0,
2151,12345,FALSE,46,43,0.0,0.0,0.0,0.0,
2150,12345,FALSE,46,42,0.0,0.0,0.0,0.0,
2149,12345,FALSE,46,41,0.0,0.0,0.0,0.0,
1972,12345,FALSE,43,05,0.0,0.0,0.0,0.0,
1970,12345,FALSE,43,03,0.0,0.0,0.0,0.0,
1691,12345,FALSE,37,05,0.0,0.0,0.0,0.0,
1786,12345,FALSE,39,06,0.0,0.0,0.0,0.0,
1780,12345,FALSE,38,48,0.0,0.0,0.0,0.0,
1781,12345,FALSE,39,01,0.0,0.0,0.0,0.0,
1782,12345,FALSE,39,02,0.0,0.0,0.0,0.0,
1783,12345,FALSE,39,03,0.0,0.0,0.0,0.0,
1784,12345,FALSE,39,04,0.0,0.0,0.0,0.0,
1785,12345,FALSE,39,05,0.0,0.0,0.0,0.0,
1787,12345,FALSE,39,07,0.0,0.0,0.0,0.0,
1778,12345,FALSE,38,46,0.0,0.0,0.0,0.0,
1788,12345,FALSE,39,08,0.0,0.0,0.0,0.0,
1789,12345,FALSE,39,09,0.0,0.0,0.0,0.0,
1790,12345,FALSE,39,10,0.0,0.0,0.0,0.0,
1791,12345,FALSE,39,11,0.0,0.0,0.0,0.0,
1792,12345,FALSE,39,12,0.0,0.0,0.0,0.0,
1793,12345,FALSE,39,13,0.0,0.0,0.0,0.0,
1779,12345,FALSE,38,47,0.0,0.0,0.0,0.0,
1777,12345,FALSE,38,45,0.01,0.0,0.01,0.01,
1969,12345,FALSE,43,02,0.0,0.0,0.0,0.0,
1768,12345,FALSE,38,35,0.0,0.0,0.0,0.0,
1762,12345,FALSE,38,29,0.0,0.0,0.0,0.0,
1763,12345,FALSE,38,30,0.0,0.0,0.0,0.0,
1764,12345,FALSE,38,31,0.0,0.0,0.0,0.0,
1765,12345,FALSE,38,32,0.0,0.0,0.0,0.0,
1766,12345,FALSE,38,33,0.0,0.0,0.0,0.0,
1767,12345,FALSE,38,34,0.0,0.0,0.0,0.0,
1769,12345,FALSE,38,36,0.01,0.01,0.01,0.01,
1776,12345,FALSE,38,44,0.0,0.0,0.0,0.0,
1770,12345,FALSE,38,37,0.0,0.0,0.0,0.0,
1771,12345,FALSE,38,39,0.0,0.0,0.0,0.0,
1772,12345,FALSE,38,40,0.0,0.0,0.0,0.0,
1773,12345,FALSE,38,41,0.0,0.0,0.0,0.0,
1774,12345,FALSE,38,42,0.0,0.0,0.0,0.0,
1775,12345,FALSE,38,43,0.0,0.0,0.0,0.0,
1794,12345,FALSE,39,14,0.0,0.0,0.0,0.0,
1795,12345,FALSE,39,15,0.0,0.0,0.0,0.0,
1796,12345,FALSE,39,16,0.0,0.0,0.0,0.0,
1821,12345,FALSE,39,42,0.0,0.0,0.0,0.0,
1815,12345,FALSE,39,35,0.0,0.0,0.0,0.0,
1816,12345,FALSE,39,36,0.0,0.0,0.0,0.0,
1817,12345,FALSE,39,37,0.0,0.0,0.0,0.0,
1818,12345,FALSE,39,38,0.0,0.0,0.0,0.0,
1819,12345,FALSE,39,40,0.0,0.0,0.0,0.0,
1820,12345,FALSE,39,41,0.0,0.0,0.0,0.0,
1822,12345,FALSE,39,43,0.0,0.0,0.0,0.0,
1797,12345,FALSE,39,17,0.0,0.0,0.0,0.0,
1823,12345,FALSE,39,44,0.0,0.0,0.0,0.0,
1824,12345,FALSE,39,45,0.0,0.0,0.0,0.0,
1825,12345,FALSE,39,46,0.0,0.0,0.0,0.0,
1826,12345,FALSE,39,47,0.0,0.0,0.0,0.0,
1827,12345,FALSE,39,48,0.0,0.0,0.0,0.0,
1828,12345,FALSE,40,01,0.0,0.0,0.0,0.0,
1814,12345,FALSE,39,34,0.0,0.0,0.0,0.0,
1813,12345,FALSE,39,33,0.0,0.0,0.0,0.0,
1812,12345,FALSE,39,32,0.0,0.0,0.0,0.0,
1811,12345,FALSE,39,31,0.0,0.0,0.0,0.0,
1810,12345,FALSE,39,30,0.0,0.0,0.0,0.0,
1809,12345,FALSE,39,29,0.0,0.0,0.0,0.0,
1808,12345,FALSE,39,28,0.0,0.0,0.0,0.0,
1807,12345,FALSE,39,27,0.0,0.0,0.0,0.0,
1806,12345,FALSE,39,26,0.0,0.0,0.0,0.0,
1805,12345,FALSE,39,25,0.0,0.0,0.0,0.0,
1804,12345,FALSE,39,24,0.0,0.0,0.0,0.0,
1803,12345,FALSE,39,23,0.0,0.0,0.0,0.0,
1802,12345,FALSE,39,22,0.0,0.0,0.0,0.0,
1801,12345,FALSE,39,21,0.0,0.0,0.0,0.0,
1800,12345,FALSE,39,20,0.0,0.0,0.0,0.0,
1799,12345,FALSE,39,19,0.0,0.0,0.0,0.0,
1798,12345,FALSE,39,18,0.0,0.0,0.0,0.0,
1761,12345,FALSE,38,28,0.0,0.0,0.0,0.0,
1760,12345,FALSE,38,27,0.0,0.0,0.0,0.0,
1759,12345,FALSE,38,26,0.0,0.0,0.0,0.0,
1715,12345,FALSE,37,29,0.0,0.0,0.0,0.0,
1709,12345,FALSE,37,23,0.0,0.0,0.0,0.0,
1710,12345,FALSE,37,24,0.0,0.0,0.0,0.0,
1711,12345,FALSE,37,25,0.0,0.0,0.0,0.0,
1712,12345,FALSE,37,26,0.0,0.0,0.0,0.0,
1713,12345,FALSE,37,27,0.0,0.0,0.0,0.0,
1714,12345,FALSE,37,28,0.0,0.0,0.0,0.0,
1716,12345,FALSE,37,30,0.0,0.0,0.0,0.0,
1724,12345,FALSE,37,39,0.0,0.0,0.0,0.0,
1717,12345,FALSE,37,31,0.0,0.0,0.0,0.0,
1718,12345,FALSE,37,32,0.0,0.0,0.0,0.0,
1719,12345,FALSE,37,33,0.0,0.0,0.0,0.0,
1720,12345,FALSE,37,34,0.0,0.0,0.0,0.0,
1721,12345,FALSE,37,35,0.0,0.0,0.0,0.0,
1722,12345,FALSE,37,36,0.0,0.0,0.0,0.0,
1708,12345,FALSE,37,22,0.0,0.0,0.0,0.0,
1707,12345,FALSE,37,21,0.0,0.0,0.0,0.0,
1706,12345,FALSE,37,20,0.0,0.0,0.0,0.0,
1705,12345,FALSE,37,19,0.0,0.0,0.0,0.0,
1704,12345,FALSE,37,18,0.0,0.0,0.0,0.0,
1703,12345,FALSE,37,17,0.0,0.0,0.0,0.0,
1702,12345,FALSE,37,16,0.0,0.0,0.0,0.0,
1701,12345,FALSE,37,15,0.0,0.0,0.0,0.0,
1700,12345,FALSE,37,14,0.0,0.0,0.0,0.0,
1699,12345,FALSE,37,13,0.0,0.0,0.0,0.0,
1698,12345,FALSE,37,12,0.0,0.0,0.0,0.0,
1697,12345,FALSE,37,11,0.0,0.0,0.0,0.0,
1696,12345,FALSE,37,10,0.0,0.0,0.0,0.0,
1695,12345,FALSE,37,09,0.01,0.01,0.01,0.01,
1694,12345,FALSE,37,08,0.0,0.0,0.0,0.0,
1693,12345,FALSE,37,07,0.0,0.0,0.0,0.0,
1,12345,FALSE,01,03,0.0,0.0,0.0,0.0,
1723,12345,FALSE,37,38,0.0,0.0,0.0,0.0,
1725,12345,FALSE,37,40,0.0,0.0,0.0,0.0,
1758,12345,FALSE,38,25,0.0,0.0,0.0,0.0,
1750,12345,FALSE,38,17,0.0,0.0,0.0,0.0,
1744,12345,FALSE,38,11,0.0,0.01,0.0,0.0,
1745,12345,FALSE,38,12,0.0,0.0,0.0,0.0,
1746,12345,FALSE,38,13,0.0,0.0,0.0,0.0,
1747,12345,FALSE,38,14,0.0,0.0,0.0,0.0,
1748,12345,FALSE,38,15,0.0,0.0,0.0,0.0,
1749,12345,FALSE,38,16,0.0,0.0,0.0,0.0,
1751,12345,FALSE,38,18,0.0,0.0,0.0,0.0,
1726,12345,FALSE,37,41,0.0,0.0,0.0,0.0,
1752,12345,FALSE,38,19,0.0,0.0,0.0,0.0,
1753,12345,FALSE,38,20,0.0,0.0,0.0,0.0,
1754,12345,FALSE,38,21,0.0,0.0,0.0,0.0,
1755,12345,FALSE,38,22,0.0,0.0,0.0,0.0,
1756,12345,FALSE,38,23,0.0,0.0,0.0,0.0,
1757,12345,FALSE,38,24,0.0,0.0,0.0,0.0,
1743,12345,FALSE,38,10,0.0,0.0,0.0,0.0,
1742,12345,FALSE,38,09,0.0,0.0,0.0,0.0,
1741,12345,FALSE,38,08,0.0,0.0,0.0,0.0,
1740,12345,FALSE,38,07,0.0,0.0,0.0,0.0,
1739,12345,FALSE,38,06,0.0,0.0,0.0,0.0,
1738,12345,FALSE,38,05,0.0,0.0,0.0,0.0,
1737,12345,FALSE,38,04,0.0,0.0,0.0,0.0,
1736,12345,FALSE,38,03,0.0,0.0,0.0,0.0,
1735,12345,FALSE,38,02,0.0,0.0,0.0,0.0,
1734,12345,FALSE,38,01,0.0,0.0,0.0,0.0,
1733,12345,FALSE,37,48,0.0,0.0,0.0,0.0,
1732,12345,FALSE,37,47,0.0,0.0,0.0,0.0,
1731,12345,FALSE,37,46,0.0,0.0,0.0,0.0,
1730,12345,FALSE,37,45,0.0,0.0,0.0,0.0,
1729,12345,FALSE,37,44,0.0,0.0,0.0,0.0,
1728,12345,FALSE,37,43,0.0,0.0,0.0,0.0,
1727,12345,FALSE,37,42,0.0,0.0,0.0,0.0,
1829,12345,FALSE,40,02,0.0,0.0,0.0,0.0,
1830,12345,FALSE,40,03,0.0,0.0,0.0,0.0,
1831,12345,FALSE,40,04,0.0,0.0,0.0,0.0,
1926,12345,FALSE,42,06,0.0,0.0,0.0,0.0,
1920,12345,FALSE,41,48,0.0,0.0,0.0,0.0,
1921,12345,FALSE,42,01,0.0,0.0,0.0,0.0,
1922,12345,FALSE,42,02,0.0,0.0,0.0,0.0,
1923,12345,FALSE,42,03,0.0,0.0,0.0,0.0,
1924,12345,FALSE,42,04,0.0,0.0,0.0,0.0,
1925,12345,FALSE,42,05,0.0,0.0,0.0,0.0,
1927,12345,FALSE,42,07,0.0,0.0,0.0,0.0,
1935,12345,FALSE,42,15,0.0,0.0,0.0,0.0,
1928,12345,FALSE,42,08,0.0,0.0,0.0,0.0,
1929,12345,FALSE,42,09,0.0,0.0,0.0,0.0,
1930,12345,FALSE,42,10,0.0,0.0,0.0,0.0,
1931,12345,FALSE,42,11,0.0,0.0,0.0,0.0,
1932,12345,FALSE,42,12,0.0,0.0,0.0,0.0,
1933,12345,FALSE,42,13,0.0,0.0,0.0,0.0,
1919,12345,FALSE,41,47,0.0,0.0,0.0,0.0,
1918,12345,FALSE,41,46,0.0,0.0,0.0,0.0,
1917,12345,FALSE,41,45,0.0,0.0,0.0,0.0,
1916,12345,FALSE,41,44,0.0,0.0,0.0,0.0,
1915,12345,FALSE,41,43,0.0,0.0,0.0,0.0,
1914,12345,FALSE,41,42,1.01,0.94,0.96,0.96,EIO42 in EIO41
1913,12345,FALSE,41,40,0.04,0.04,0.04,0.04,
1912,12345,FALSE,41,39,0.0,0.0,0.0,0.0,
1911,12345,FALSE,41,38,0.0,0.0,0.0,0.0,
1910,12345,FALSE,41,37,0.0,0.0,0.0,0.0,
1909,12345,FALSE,41,36,0.0,0.0,0.0,0.0,
1908,12345,FALSE,41,35,0.0,0.0,0.0,0.0,
1907,12345,FALSE,41,34,0.0,0.0,0.0,0.0,
1906,12345,FALSE,41,33,0.0,0.0,0.0,0.0,
1905,12345,FALSE,41,32,0.0,0.0,0.0,0.0,
1904,12345,FALSE,41,31,0.0,0.0,0.0,0.0,
1903,12345,FALSE,41,30,0.0,0.0,0.0,0.0,
1934,12345,FALSE,42,14,0.0,0.0,0.0,0.0,
1936,12345,FALSE,42,16,0.0,0.0,0.0,0.0,
1901,12345,FALSE,41,28,0.0,0.0,0.0,0.0,
1961,12345,FALSE,42,41,0.01,0.01,0.01,0.01,
1955,12345,FALSE,42,35,0.0,0.0,0.0,0.0,
1956,12345,FALSE,42,36,0.0,0.0,0.0,0.0,
1957,12345,FALSE,42,37,0.0,0.0,0.0,0.0,
1958,12345,FALSE,42,38,0.0,0.0,0.0,0.0,
1959,12345,FALSE,42,39,0.0,0.0,0.0,0.0,
1960,12345,FALSE,42,40,0.0,0.0,0.0,0.0,
1962,12345,FALSE,42,43,0.0,0.0,0.0,0.0,
1937,12345,FALSE,42,17,0.0,0.0,0.0,0.0,
1963,12345,FALSE,42,44,0.0,0.0,0.0,0.0,
1964,12345,FALSE,42,45,0.0,0.0,0.0,0.0,
1965,12345,FALSE,42,46,0.0,0.0,0.0,0.0,
1966,12345,FALSE,42,47,0.0,0.0,0.0,0.0,
1967,12345,FALSE,42,48,0.0,0.0,0.0,0.0,
1968,12345,FALSE,43,01,0.0,0.0,0.0,0.0,
1954,12345,FALSE,42,34,0.0,0.0,0.0,0.0,
1953,12345,FALSE,42,33,0.0,0.0,0.0,0.0,
1952,12345,FALSE,42,32,0.0,0.0,0.0,0.0,
1951,12345,FALSE,42,31,0.0,0.0,0.0,0.0,
1950,12345,FALSE,42,30,0.0,0.0,0.0,0.0,
1949,12345,FALSE,42,29,0.0,0.0,0.0,0.0,
1948,12345,FALSE,42,28,0.0,0.0,0.0,0.0,
1947,12345,FALSE,42,27,0.0,0.0,0.0,0.0,
1946,12345,FALSE,42,26,0.0,0.0,0.0,0.0,
1945,12345,FALSE,42,25,0.0,0.0,0.0,0.0,
1944,12345,FALSE,42,24,0.0,0.0,0.0,0.0,
1943,12345,FALSE,42,23,0.0,0.0,0.0,0.0,
1942,12345,FALSE,42,22,0.0,0.0,0.0,0.0,
1941,12345,FALSE,42,21,0.0,0.0,0.0,0.0,
1940,12345,FALSE,42,20,0.0,0.0,0.0,0.0,
1939,12345,FALSE,42,19,0.0,0.0,0.0,0.0,
1938,12345,FALSE,42,18,0.0,0.0,0.0,0.0,
1902,12345,FALSE,41,29,0.0,0.0,0.0,0.0,
1900,12345,FALSE,41,27,0.0,0.0,0.0,0.0,
1832,12345,FALSE,40,05,0.0,0.0,0.0,0.0,
1856,12345,FALSE,40,29,0.0,0.0,0.0,0.0,
1850,12345,FALSE,40,23,0.0,0.0,0.0,0.0,
1851,12345,FALSE,40,24,0.0,0.0,0.0,0.0,
1852,12345,FALSE,40,25,0.0,0.0,0.0,0.0,
1853,12345,FALSE,40,26,0.0,0.0,0.0,0.0,
1854,12345,FALSE,40,27,0.0,0.0,0.0,0.0,
1855,12345,FALSE,40,28,0.0,0.0,0.0,0.0,
1857,12345,FALSE,40,30,0.0,0.0,0.0,0.0,
1865,12345,FALSE,40,38,0.0,0.0,0.0,0.0,
1858,12345,FALSE,40,31,0.0,0.0,0.0,0.0,
1859,12345,FALSE,40,32,0.0,0.0,0.0,0.0,
1860,12345,FALSE,40,33,0.0,0.0,0.0,0.0,
1861,12345,FALSE,40,34,0.0,0.0,0.0,0.0,
1862,12345,FALSE,40,35,0.0,0.0,0.0,0.0,
1863,12345,FALSE,40,36,0.0,0.0,0.0,0.0,
1849,12345,FALSE,40,22,0.0,0.0,0.0,0.0,
1848,12345,FALSE,40,21,0.0,0.0,0.0,0.0,
1847,12345,FALSE,40,20,0.0,0.0,0.0,0.0,
1846,12345,FALSE,40,19,0.0,0.0,0.0,0.0,
1845,12345,FALSE,40,18,0.0,0.0,0.0,0.0,
1844,12345,FALSE,40,17,0.04,0.03,0.03,0.03,
1843,12345,FALSE,40,16,0.0,0.0,0.0,0.0,
1842,12345,FALSE,40,15,0.0,0.0,0.0,0.0,
1841,12345,FALSE,40,14,0.0,0.0,0.0,0.0,
1840,12345,FALSE,40,13,0.0,0.0,0.0,0.0,
1839,12345,FALSE,40,12,0.0,0.0,0.0,0.0,
1838,12345,FALSE,40,11,0.0,0.0,0.0,0.0,
1837,12345,FALSE,40,10,0.0,0.0,0.0,0.0,
1836,12345,FALSE,40,09,0.0,0.0,0.0,0.0,
1835,12345,FALSE,40,08,0.0,0.0,0.0,0.0,
1834,12345,FALSE,40,07,0.0,0.0,0.0,0.0,
1833,12345,FALSE,40,06,0.0,0.0,0.0,0.0,
1864,12345,FALSE,40,37,0.0,0.0,0.0,0.0,
1866,12345,FALSE,40,39,0.01,0.01,0.01,0.01,
1899,12345,FALSE,41,26,0.0,0.0,0.0,0.0,
1891,12345,FALSE,41,18,0.0,0.0,0.0,0.0,
1885,12345,FALSE,41,12,0.0,0.0,0.0,0.0,
1886,12345,FALSE,41,13,0.0,0.0,0.0,0.0,
1887,12345,FALSE,41,14,0.0,0.0,0.0,0.0,
1888,12345,FALSE,41,15,0.0,0.0,0.0,0.0,
1889,12345,FALSE,41,16,0.0,0.0,0.0,0.0,
1890,12345,FALSE,41,17,0.0,0.0,0.0,0.0,
1892,12345,FALSE,41,19,0.0,0.0,0.0,0.0,
1867,12345,FALSE,40,41,0.0,0.0,0.0,0.0,
1893,12345,FALSE,41,20,0.0,0.0,0.0,0.0,
1894,12345,FALSE,41,21,0.0,0.0,0.0,0.0,
1895,12345,FALSE,41,22,0.0,0.0,0.0,0.0,
1896,12345,FALSE,41,23,0.0,0.0,0.0,0.0,
1897,12345,FALSE,41,24,0.0,0.0,0.0,0.0,
1898,12345,FALSE,41,25,0.0,0.0,0.0,0.0,
1884,12345,FALSE,41,11,0.01,0.01,0.01,0.01,
1883,12345,FALSE,41,10,0.0,0.0,0.0,0.0,
1882,12345,FALSE,41,08,0.0,0.0,0.0,0.0,
1881,12345,FALSE,41,07,0.0,0.0,0.0,0.0,
1880,12345,FALSE,41,06,0.0,0.0,0.0,0.0,
1879,12345,FALSE,41,05,0.0,0.0,0.0,0.0,
1878,12345,FALSE,41,04,0.0,0.0,0.0,0.0,
1877,12345,FALSE,41,03,0.0,0.0,0.0,0.0,
1876,12345,FALSE,41,02,0.0,0.0,0.0,0.0,
1875,12345,FALSE,41,01,0.0,0.0,0.0,0.0,
1874,12345,FALSE,40,48,0.0,0.0,0.0,0.0,
1873,12345,FALSE,40,47,0.0,0.0,0.0,0.0,
1872,12345,FALSE,40,46,0.0,0.0,0.0,0.0,
1871,12345,FALSE,40,45,0.0,0.0,0.0,0.0,
1870,12345,FALSE,40,44,0.0,0.0,0.0,0.0,
1869,12345,FALSE,40,43,0.0,0.0,0.0,0.0,
1868,12345,FALSE,40,42,0.0,0.0,0.0,0.0,
1129,12345,FALSE,25,06,0.0,0.0,0.0,0.0,
0,12345,FALSE,01,02,0.0,0.0,0.0,0.0,
1127,12345,FALSE,25,04,0.0,0.0,0.0,0.0,
378,12345,FALSE,09,03,0.0,0.0,0.0,0.0,
372,12345,FALSE,08,45,0.0,0.0,0.0,0.0,
373,12345,FALSE,08,46,0.0,0.0,0.0,0.0,
374,12345,FALSE,08,47,0.0,0.0,0.0,0.0,
375,12345,FALSE,08,48,0.0,0.0,0.0,0.0,
376,12345,FALSE,09,01,0.0,0.0,0.0,0.0,
377,12345,FALSE,09,02,0.0,0.0,0.0,0.0,
379,12345,FALSE,09,04,0.0,0.0,0.0,0.0,
370,12345,FALSE,08,43,0.0,0.0,0.0,0.0,
380,12345,FALSE,09,05,0.0,0.0,0.0,0.0,
381,12345,FALSE,09,06,0.0,0.0,0.0,0.0,
382,12345,FALSE,09,07,0.0,0.0,0.0,0.0,
383,12345,FALSE,09,08,0.0,0.0,0.0,0.0,
384,12345,FALSE,09,10,0.0,0.0,0.0,0.0,
385,12345,FALSE,09,11,0.0,0.0,0.0,0.0,
371,12345,FALSE,08,44,0.0,0.0,0.0,0.0,
369,12345,FALSE,08,42,0.0,0.0,0.0,0.0,
422,12345,FALSE,10,01,0.0,0.0,0.0,0.0,
360,12345,FALSE,08,33,0.0,0.0,0.0,0.0,
354,12345,FALSE,08,27,0.0,0.0,0.0,0.0,
355,12345,FALSE,08,28,0.0,0.0,0.0,0.0,
356,12345,FALSE,08,29,0.0,0.0,0.0,0.0,
357,12345,FALSE,08,30,0.0,0.0,0.0,0.0,
358,12345,FALSE,08,31,0.0,0.0,0.0,0.0,
359,12345,FALSE,08,32,0.0,0.0,0.0,0.0,
361,12345,FALSE,08,34,0.0,0.0,0.0,0.0,
368,12345,FALSE,08,41,0.0,0.0,0.0,0.0,
362,12345,FALSE,08,35,0.0,0.0,0.0,0.0,
363,12345,FALSE,08,36,0.0,0.0,0.0,0.0,
364,12345,FALSE,08,37,0.0,0.0,0.0,0.0,
365,12345,FALSE,08,38,0.0,0.0,0.0,0.0,
366,12345,FALSE,08,39,0.0,0.0,0.0,0.0,
367,12345,FALSE,08,40,0.0,0.0,0.0,0.0,
386,12345,FALSE,09,12,0.0,0.0,0.0,0.0,
387,12345,FALSE,09,13,0.0,0.0,0.0,0.0,
388,12345,FALSE,09,14,0.0,0.0,0.0,0.0,
413,12345,FALSE,09,39,0.0,0.0,0.0,0.0,
407,12345,FALSE,09,33,0.0,0.0,0.0,0.0,
408,12345,FALSE,09,34,0.0,0.0,0.0,0.0,
409,12345,FALSE,09,35,0.0,0.0,0.0,0.0,
410,12345,FALSE,09,36,0.0,0.0,0.0,0.0,
411,12345,FALSE,09,37,0.0,0.0,0.0,0.0,
412,12345,FALSE,09,38,0.0,0.0,0.0,0.0,
414,12345,FALSE,09,40,0.0,0.0,0.0,0.0,
389,12345,FALSE,09,15,0.0,0.0,0.0,0.0,
415,12345,FALSE,09,42,0.0,0.0,0.0,0.0,
416,12345,FALSE,09,43,0.0,0.0,0.0,0.0,
417,12345,FALSE,09,44,0.0,0.0,0.0,0.0,
418,12345,FALSE,09,45,0.0,0.0,0.0,0.0,
419,12345,FALSE,09,46,0.0,0.0,0.0,0.0,
420,12345,FALSE,09,47,0.0,0.0,0.0,0.0,
406,12345,FALSE,09,32,0.0,0.0,0.0,0.0,
405,12345,FALSE,09,31,0.0,0.0,0.0,0.0,
404,12345,FALSE,09,30,0.0,0.0,0.0,0.0,
403,12345,FALSE,09,29,0.0,0.0,0.0,0.0,
402,12345,FALSE,09,28,0.0,0.0,0.0,0.0,
401,12345,FALSE,09,27,0.0,0.0,0.0,0.0,
400,12345,FALSE,09,26,0.0,0.0,0.0,0.0,
399,12345,FALSE,09,25,0.0,0.0,0.0,0.0,
398,12345,FALSE,09,24,0.0,0.0,0.0,0.0,
397,12345,FALSE,09,23,0.0,0.0,0.0,0.0,
396,12345,FALSE,09,22,0.0,0.0,0.0,0.0,
395,12345,FALSE,09,21,0.0,0.0,0.0,0.0,
394,12345,FALSE,09,20,0.0,0.0,0.0,0.0,
393,12345,FALSE,09,19,0.0,0.0,0.0,0.0,
392,12345,FALSE,09,18,0.0,0.0,0.0,0.0,
391,12345,FALSE,09,17,0.0,0.0,0.0,0.0,
390,12345,FALSE,09,16,0.0,0.0,0.0,0.0,
353,12345,FALSE,08,26,0.0,0.0,0.0,0.0,
352,12345,FALSE,08,25,0.0,0.0,0.0,0.0,
351,12345,FALSE,08,24,0.0,0.0,0.0,0.0,
307,12345,FALSE,07,27,0.0,0.0,0.0,0.0,
301,12345,FALSE,07,21,0.01,0.01,0.01,0.01,
302,12345,FALSE,07,22,0.0,0.0,0.0,0.0,
303,12345,FALSE,07,23,0.0,0.0,0.0,0.0,
304,12345,FALSE,07,24,0.0,0.0,0.0,0.0,
305,12345,FALSE,07,25,0.0,0.0,0.0,0.0,
306,12345,FALSE,07,26,0.0,0.0,0.0,0.0,
308,12345,FALSE,07,28,0.0,0.0,0.0,0.0,
316,12345,FALSE,07,36,0.0,0.0,0.0,0.0,
309,12345,FALSE,07,29,0.0,0.0,0.0,0.0,
310,12345,FALSE,07,30,0.0,0.0,0.0,0.0,
311,12345,FALSE,07,31,0.0,0.0,0.0,0.0,
312,12345,FALSE,07,32,0.0,0.0,0.0,0.0,
313,12345,FALSE,07,33,0.0,0.0,0.0,0.0,
314,12345,FALSE,07,34,0.0,0.0,0.0,0.0,
300,12345,FALSE,07,20,0.0,0.0,0.0,0.0,
299,12345,FALSE,07,19,0.0,0.0,0.0,0.0,
298,12345,FALSE,07,18,0.0,0.0,0.0,0.0,
297,12345,FALSE,07,17,0.0,0.0,0.0,0.0,
296,12345,FALSE,07,16,0.0,0.0,0.0,0.0,
295,12345,FALSE,07,15,0.0,0.0,0.0,0.0,
294,12345,FALSE,07,14,0.0,0.0,0.0,0.0,
293,12345,FALSE,07,13,0.0,0.0,0.0,0.0,
292,12345,FALSE,07,12,0.0,0.0,0.0,0.0,
291,12345,FALSE,07,11,0.0,0.0,0.0,0.0,
290,12345,FALSE,07,10,0.0,0.0,0.0,0.0,
289,12345,FALSE,07,09,0.0,0.0,0.0,0.0,
288,12345,FALSE,07,08,0.01,0.01,0.01,0.01,
287,12345,FALSE,07,06,0.0,0.0,0.0,0.0,
286,12345,FALSE,07,05,0.0,0.0,0.0,0.0,
285,12345,FALSE,07,04,0.0,0.0,0.0,0.0,
284,12345,FALSE,07,03,0.0,0.0,0.0,0.0,
315,12345,FALSE,07,35,0.0,0.0,0.0,0.0,
317,12345,FALSE,07,37,0.02,0.01,0.01,0.01,
350,12345,FALSE,08,23,0.0,0.0,0.0,0.0,
342,12345,FALSE,08,15,0.0,0.0,0.0,0.0,
336,12345,FALSE,08,09,0.0,0.0,0.0,0.0,
337,12345,FALSE,08,10,0.0,0.0,0.0,0.0,
338,12345,FALSE,08,11,0.0,0.0,0.0,0.0,
339,12345,FALSE,08,12,0.0,0.0,0.0,0.0,
340,12345,FALSE,08,13,0.0,0.0,0.0,0.0,
341,12345,FALSE,08,14,0.0,0.0,0.0,0.0,
343,12345,FALSE,08,16,0.0,0.0,0.0,0.0,
318,12345,FALSE,07,38,0.0,0.0,0.0,0.0,
344,12345,FALSE,08,17,0.0,0.0,0.0,0.0,
345,12345,FALSE,08,18,0.0,0.0,0.0,0.0,
346,12345,FALSE,08,19,0.0,0.0,0.0,0.0,
347,12345,FALSE,08,20,0.0,0.0,0.0,0.0,
348,12345,FALSE,08,21,0.0,0.0,0.0,0.0,
349,12345,FALSE,08,22,0.0,0.0,0.0,0.0,
335,12345,FALSE,08,07,0.0,0.0,0.0,0.0,
334,12345,FALSE,08,06,0.0,0.0,0.0,0.0,
333,12345,FALSE,08,05,0.0,0.0,0.0,0.0,
332,12345,FALSE,08,04,0.0,0.0,0.0,0.0,
331,12345,FALSE,08,03,0.0,0.0,0.0,0.0,
330,12345,FALSE,08,02,0.0,0.0,0.0,0.0,
329,12345,FALSE,08,01,0.0,0.0,0.0,0.0,
328,12345,FALSE,07,48,0.0,0.0,0.0,0.0,
327,12345,FALSE,07,47,0.0,0.0,0.0,0.0,
326,12345,FALSE,07,46,0.0,0.0,0.0,0.0,
325,12345,FALSE,07,45,0.0,0.0,0.0,0.0,
324,12345,FALSE,07,44,0.0,0.0,0.0,0.0,
323,12345,FALSE,07,43,0.0,0.0,0.0,0.0,
322,12345,FALSE,07,42,0.0,0.0,0.0,0.0,
321,12345,FALSE,07,41,0.0,0.0,0.0,0.0,
320,12345,FALSE,07,40,0.0,0.0,0.0,0.0,
319,12345,FALSE,07,39,0.0,0.0,0.0,0.0,
421,12345,FALSE,09,48,0.0,0.0,0.0,0.0,
423,12345,FALSE,10,02,0.0,0.0,0.0,0.0,
282,12345,FALSE,07,01,0.0,0.0,0.0,0.0,
519,12345,FALSE,12,04,0.0,0.0,0.0,0.0,
513,12345,FALSE,11,46,0.0,0.0,0.0,0.0,
514,12345,FALSE,11,47,0.0,0.0,0.0,0.0,
515,12345,FALSE,11,48,0.0,0.0,0.0,0.0,
516,12345,FALSE,12,01,0.0,0.0,0.0,0.0,
517,12345,FALSE,12,02,0.0,0.0,0.0,0.0,
518,12345,FALSE,12,03,0.0,0.0,0.0,0.0,
520,12345,FALSE,12,05,0.0,0.0,0.0,0.0,
511,12345,FALSE,11,44,0.0,0.0,0.0,0.0,
521,12345,FALSE,12,06,0.0,0.0,0.0,0.0,
522,12345,FALSE,12,07,0.0,0.0,0.0,0.0,
523,12345,FALSE,12,08,0.0,0.0,0.0,0.0,
524,12345,FALSE,12,09,0.0,0.0,0.0,0.0,
525,12345,FALSE,12,10,0.0,0.0,0.0,0.0,
526,12345,FALSE,12,11,0.01,0.01,0.01,0.01,
512,12345,FALSE,11,45,0.04,0.04,0.04,0.04,
510,12345,FALSE,11,43,0.0,0.0,0.0,0.0,
424,12345,FALSE,10,03,0.0,0.0,0.0,0.0,
501,12345,FALSE,11,34,0.0,0.0,0.0,0.0,
495,12345,FALSE,11,28,0.0,0.0,0.0,0.0,
496,12345,FALSE,11,29,0.0,0.0,0.0,0.0,
497,12345,FALSE,11,30,0.0,0.0,0.0,0.0,
498,12345,FALSE,11,31,0.0,0.0,0.0,0.0,
499,12345,FALSE,11,32,0.0,0.0,0.0,0.0,
500,12345,FALSE,11,33,0.0,0.0,0.0,0.0,
502,12345,FALSE,11,35,0.0,0.0,0.0,0.0,
509,12345,FALSE,11,42,0.0,0.0,0.0,0.0,
503,12345,FALSE,11,36,0.0,0.0,0.0,0.0,
504,12345,FALSE,11,37,0.0,0.0,0.0,0.0,
505,12345,FALSE,11,38,0.0,0.0,0.0,0.0,
506,12345,FALSE,11,39,0.0,0.0,0.0,0.0,
507,12345,FALSE,11,40,0.0,0.0,0.0,0.0,
508,12345,FALSE,11,41,0.0,0.0,0.0,0.0,
527,12345,FALSE,12,13,0.0,0.0,0.0,0.0,
528,12345,FALSE,12,14,0.0,0.0,0.0,0.0,
529,12345,FALSE,12,15,0.0,0.0,0.0,0.0,
554,12345,FALSE,12,40,0.01,0.0,0.01,0.01,
548,12345,FALSE,12,34,0.0,0.0,0.0,0.0,
549,12345,FALSE,12,35,0.0,0.0,0.0,0.0,
550,12345,FALSE,12,36,0.0,0.0,0.0,0.0,
551,12345,FALSE,12,37,0.0,0.0,0.0,0.0,
552,12345,FALSE,12,38,0.0,0.0,0.0,0.0,
553,12345,FALSE,12,39,0.0,0.0,0.0,0.0,
555,12345,FALSE,12,41,0.0,0.0,0.0,0.0,
530,12345,FALSE,12,16,0.0,0.0,0.0,0.0,
556,12345,FALSE,12,42,0.0,0.0,0.0,0.0,
557,12345,FALSE,12,43,0.0,0.0,0.0,0.0,
558,12345,FALSE,12,44,0.0,0.0,0.0,0.0,
559,12345,FALSE,12,45,0.0,0.0,0.0,0.0,
560,12345,FALSE,12,46,0.0,0.0,0.0,0.0,
561,12345,FALSE,12,47,0.0,0.0,0.0,0.0,
547,12345,FALSE,12,33,0.0,0.0,0.0,0.0,
546,12345,FALSE,12,32,0.0,0.0,0.0,0.0,
545,12345,FALSE,12,31,0.0,0.0,0.0,0.0,
544,12345,FALSE,12,30,0.0,0.0,0.0,0.0,
543,12345,FALSE,12,29,0.0,0.0,0.0,0.0,
542,12345,FALSE,12,28,0.0,0.0,0.0,0.0,
541,12345,FALSE,12,27,0.0,0.0,0.0,0.0,
540,12345,FALSE,12,26,0.0,0.0,0.0,0.0,
539,12345,FALSE,12,25,0.0,0.0,0.0,0.0,
538,12345,FALSE,12,24,0.0,0.0,0.0,0.0,
537,12345,FALSE,12,23,0.0,0.0,0.0,0.0,
536,12345,FALSE,12,22,0.0,0.0,0.0,0.0,
535,12345,FALSE,12,21,0.0,0.0,0.0,0.0,
534,12345,FALSE,12,20,0.0,0.0,0.0,0.0,
533,12345,FALSE,12,19,0.0,0.0,0.0,0.0,
532,12345,FALSE,12,18,0.0,0.0,0.0,0.0,
531,12345,FALSE,12,17,0.0,0.0,0.0,0.0,
494,12345,FALSE,11,27,0.0,0.0,0.0,0.0,
493,12345,FALSE,11,26,0.0,0.0,0.0,0.0,
492,12345,FALSE,11,25,0.0,0.0,0.0,0.0,
448,12345,FALSE,10,28,0.0,0.0,0.0,0.0,
442,12345,FALSE,10,22,0.0,0.0,0.0,0.0,
443,12345,FALSE,10,23,0.0,0.0,0.0,0.0,
444,12345,FALSE,10,24,0.0,0.0,0.0,0.0,
445,12345,FALSE,10,25,0.0,0.0,0.0,0.0,
446,12345,FALSE,10,26,0.0,0.0,0.0,0.0,
447,12345,FALSE,10,27,0.0,0.0,0.0,0.0,
449,12345,FALSE,10,29,0.0,0.0,0.0,0.0,
457,12345,FALSE,10,37,0.0,0.0,0.0,0.0,
450,12345,FALSE,10,30,0.0,0.0,0.0,0.0,
451,12345,FALSE,10,31,0.01,0.01,0.01,0.01,
452,12345,FALSE,10,32,0.0,0.0,0.0,0.0,
453,12345,FALSE,10,33,0.0,0.0,0.0,0.0,
454,12345,FALSE,10,34,0.0,0.0,0.0,0.0,
455,12345,FALSE,10,35,0.0,0.0,0.0,0.0,
441,12345,FALSE,10,21,0.0,0.0,0.0,0.0,
440,12345,FALSE,10,20,0.0,0.0,0.0,0.0,
439,12345,FALSE,10,19,0.0,0.0,0.0,0.0,
438,12345,FALSE,10,18,0.0,0.0,0.0,0.0,
437,12345,FALSE,10,17,0.0,0.0,0.0,0.0,
436,12345,FALSE,10,16,0.0,0.0,0.0,0.0,
435,12345,FALSE,10,15,0.0,0.0,0.0,0.0,
434,12345,FALSE,10,14,0.0,0.0,0.0,0.0,
433,12345,FALSE,10,13,0.0,0.0,0.0,0.0,
432,12345,FALSE,10,12,0.03,0.03,0.03,0.03,
431,12345,FALSE,10,11,0.0,0.0,0.0,0.0,
430,12345,FALSE,10,09,0.0,0.0,0.0,0.0,
429,12345,FALSE,10,08,0.0,0.0,0.0,0.0,
428,12345,FALSE,10,07,0.0,0.0,0.0,0.0,
427,12345,FALSE,10,06,0.0,0.0,0.0,0.0,
426,12345,FALSE,10,05,0.0,0.0,0.0,0.0,
425,12345,FALSE,10,04,0.0,0.0,0.0,0.0,
456,12345,FALSE,10,36,0.0,0.0,0.0,0.0,
458,12345,FALSE,10,38,0.0,0.0,0.0,0.0,
491,12345,FALSE,11,24,0.0,0.0,0.0,0.0,
483,12345,FALSE,11,16,0.0,0.0,0.0,0.0,
477,12345,FALSE,11,09,0.0,0.0,0.0,0.0,
478,12345,FALSE,11,10,0.0,0.0,0.0,0.0,
479,12345,FALSE,11,12,0.0,0.0,0.0,0.0,
480,12345,FALSE,11,13,0.0,0.0,0.0,0.0,
481,12345,FALSE,11,14,0.0,0.0,0.0,0.0,
482,12345,FALSE,11,15,0.0,0.0,0.0,0.0,
484,12345,FALSE,11,17,0.0,0.0,0.0,0.0,
459,12345,FALSE,10,39,0.0,0.0,0.0,0.0,
485,12345,FALSE,11,18,0.0,0.0,0.0,0.0,
486,12345,FALSE,11,19,0.0,0.0,0.0,0.0,
487,12345,FALSE,11,20,0.0,0.0,0.0,0.0,
488,12345,FALSE,11,21,0.0,0.0,0.0,0.0,
489,12345,FALSE,11,22,0.0,0.0,0.0,0.0,
490,12345,FALSE,11,23,0.0,0.0,0.0,0.0,
476,12345,FALSE,11,08,0.0,0.0,0.0,0.0,
475,12345,FALSE,11,07,0.0,0.0,0.0,0.0,
474,12345,FALSE,11,06,0.0,0.0,0.0,0.0,
473,12345,FALSE,11,05,0.0,0.0,0.0,0.0,
472,12345,FALSE,11,04,0.0,0.0,0.0,0.0,
471,12345,FALSE,11,03,0.0,0.0,0.0,0.0,
470,12345,FALSE,11,02,0.0,0.0,0.0,0.0,
469,12345,FALSE,11,01,0.0,0.0,0.0,0.0,
468,12345,FALSE,10,48,0.0,0.0,0.0,0.0,
467,12345,FALSE,10,47,0.0,0.0,0.0,0.0,
466,12345,FALSE,10,46,0.0,0.0,0.0,0.0,
465,12345,FALSE,10,45,0.0,0.0,0.0,0.0,
464,12345,FALSE,10,44,0.0,0.0,0.0,0.0,
463,12345,FALSE,10,43,0.0,0.0,0.0,0.0,
462,12345,FALSE,10,42,0.0,0.0,0.0,0.0,
461,12345,FALSE,10,41,0.0,0.0,0.0,0.0,
460,12345,FALSE,10,40,0.0,0.0,0.0,0.0,
283,12345,FALSE,07,02,0.0,0.0,0.0,0.0,
281,12345,FALSE,06,48,0.0,0.0,0.0,0.0,
563,12345,FALSE,13,01,0.0,0.0,0.0,0.0,
96,12345,FALSE,03,04,0.0,0.0,0.0,0.0,
90,12345,FALSE,02,45,0.0,0.0,0.0,0.0,
91,12345,FALSE,02,46,0.0,0.0,0.0,0.0,
92,12345,FALSE,02,47,0.0,0.0,0.0,0.0,
93,12345,FALSE,02,48,0.0,0.0,0.0,0.0,
94,12345,FALSE,03,01,0.0,0.0,0.0,0.0,
95,12345,FALSE,03,02,0.0,0.0,0.0,0.0,
97,12345,FALSE,03,05,0.0,0.0,0.0,0.0,
88,12345,FALSE,02,43,0.0,0.0,0.0,0.0,
98,12345,FALSE,03,06,0.0,0.0,0.0,0.0,
99,12345,FALSE,03,07,0.0,0.0,0.0,0.0,
100,12345,FALSE,03,08,0.0,0.0,0.0,0.0,
101,12345,FALSE,03,09,0.0,0.0,0.0,0.0,
102,12345,FALSE,03,10,0.0,0.0,0.0,0.0,
103,12345,FALSE,03,11,0.0,0.0,0.0,0.0,
89,12345,FALSE,02,44,0.0,0.0,0.0,0.0,
87,12345,FALSE,02,42,0.0,0.0,0.0,0.0,
140,12345,FALSE,03,48,0.0,0.0,0.0,0.0,
78,12345,FALSE,02,33,0.0,0.0,0.0,0.0,
72,12345,FALSE,02,27,0.0,0.0,0.0,0.0,
73,12345,FALSE,02,28,0.0,0.0,0.0,0.0,
74,12345,FALSE,02,29,0.0,0.0,0.0,0.0,
75,12345,FALSE,02,30,0.0,0.0,0.0,0.0,
76,12345,FALSE,02,31,0.0,0.0,0.0,0.0,
77,12345,FALSE,02,32,0.0,0.0,0.0,0.0,
79,12345,FALSE,02,34,0.0,0.0,0.0,0.0,
86,12345,FALSE,02,41,0.0,0.0,0.0,0.0,
80,12345,FALSE,02,35,0.0,0.0,0.0,0.0,
81,12345,FALSE,02,36,0.0,0.0,0.0,0.0,
82,12345,FALSE,02,37,0.0,0.0,0.0,0.0,
83,12345,FALSE,02,38,0.0,0.0,0.0,0.0,
84,12345,FALSE,02,39,0.0,0.0,0.0,0.0,
85,12345,FALSE,02,40,0.0,0.0,0.0,0.0,
104,12345,FALSE,03,12,0.0,0.0,0.0,0.0,
105,12345,FALSE,03,13,0.0,0.0,0.0,0.0,
106,12345,FALSE,03,14,0.0,0.0,0.0,0.0,
131,12345,FALSE,03,39,0.0,0.0,0.0,0.0,
125,12345,FALSE,03,33,0.0,0.0,0.0,0.0,
126,12345,FALSE,03,34,0.0,0.0,0.0,0.0,
127,12345,FALSE,03,35,0.0,0.0,0.0,0.0,
128,12345,FALSE,03,36,0.0,0.0,0.0,0.0,
129,12345,FALSE,03,37,0.0,0.0,0.0,0.0,
130,12345,FALSE,03,38,0.0,0.0,0.0,0.0,
132,12345,FALSE,03,40,0.0,0.0,0.0,0.0,
107,12345,FALSE,03,15,0.0,0.0,0.0,0.0,
133,12345,FALSE,03,41,0.0,0.0,0.0,0.0,
134,12345,FALSE,03,42,0.0,0.0,0.0,0.0,
135,12345,FALSE,03,43,0.0,0.0,0.0,0.0,
136,12345,FALSE,03,44,0.0,0.0,0.0,0.0,
137,12345,FALSE,03,45,0.0,0.0,0.0,0.0,
138,12345,FALSE,03,46,0.0,0.0,0.0,0.0,
124,12345,FALSE,03,32,0.0,0.0,0.0,0.0,
123,12345,FALSE,03,31,0.0,0.0,0.0,0.0,
122,12345,FALSE,03,30,0.0,0.0,0.0,0.0,
121,12345,FALSE,03,29,0.0,0.0,0.0,0.0,
120,12345,FALSE,03,28,0.0,0.0,0.0,0.0,
119,12345,FALSE,03,27,0.0,0.0,0.0,0.0,
118,12345,FALSE,03,26,0.0,0.0,0.0,0.0,
117,12345,FALSE,03,25,0.0,0.0,0.0,0.0,
116,12345,FALSE,03,24,0.0,0.0,0.0,0.0,
115,12345,FALSE,03,23,0.0,0.0,0.0,0.0,
114,12345,FALSE,03,22,0.0,0.0,0.0,0.0,
113,12345,FALSE,03,21,0.0,0.0,0.0,0.0,
112,12345,FALSE,03,20,0.0,0.0,0.0,0.0,
111,12345,FALSE,03,19,0.0,0.0,0.0,0.0,
110,12345,FALSE,03,18,0.0,0.0,0.0,0.0,
109,12345,FALSE,03,17,0.0,0.0,0.0,0.0,
108,12345,FALSE,03,16,0.0,0.0,0.0,0.0,
71,12345,FALSE,02,26,0.0,0.0,0.0,0.0,
70,12345,FALSE,02,25,0.0,0.0,0.0,0.0,
69,12345,FALSE,02,24,0.0,0.0,0.0,0.0,
25,12345,FALSE,01,27,0.0,0.0,0.0,0.0,
19,12345,FALSE,01,21,0.0,0.0,0.0,0.0,
20,12345,FALSE,01,22,0.0,0.0,0.0,0.0,
21,12345,FALSE,01,23,0.0,0.0,0.0,0.0,
22,12345,FALSE,01,24,0.0,0.0,0.0,0.0,
23,12345,FALSE,01,25,0.0,0.0,0.0,0.0,
24,12345,FALSE,01,26,0.0,0.0,0.0,0.0,
26,12345,FALSE,01,28,0.0,0.0,0.0,0.0,
34,12345,FALSE,01,36,0.0,0.0,0.0,0.0,
27,12345,FALSE,01,29,0.0,0.0,0.0,0.0,
28,12345,FALSE,01,30,0.0,0.0,0.0,0.0,
29,12345,FALSE,01,31,0.0,0.0,0.0,0.0,
30,12345,FALSE,01,32,0.0,0.0,0.0,0.0,
31,12345,FALSE,01,33,0.0,0.0,0.0,0.0,
32,12345,FALSE,01,34,0.0,0.0,0.0,0.0,
18,12345,FALSE,01,20,0.0,0.0,0.0,0.0,
17,12345,FALSE,01,19,0.0,0.0,0.0,0.0,
16,12345,FALSE,01,18,0.0,0.0,0.0,0.0,
15,12345,FALSE,01,17,0.0,0.0,0.0,0.0,
14,12345,FALSE,01,16,0.0,0.0,0.0,0.0,
13,12345,FALSE,01,15,0.0,0.0,0.0,0.0,
12,12345,FALSE,01,14,0.0,0.0,0.0,0.0,
11,12345,FALSE,01,13,0.0,0.0,0.0,0.0,
10,12345,FALSE,01,12,0.01,0.01,0.01,0.01,
9,12345,FALSE,01,11,0.0,0.0,0.0,0.0,
8,12345,FALSE,01,10,0.0,0.0,0.0,0.0,
7,12345,FALSE,01,09,0.0,0.0,0.0,0.0,
6,12345,FALSE,01,08,0.0,0.0,0.0,0.0,
5,12345,FALSE,01,07,0.0,0.0,0.0,0.0,
4,12345,FALSE,01,06,0.0,0.0,0.0,0.0,
3,12345,FALSE,01,05,0.0,0.0,0.0,0.0,
2,12345,FALSE,01,04,0.0,0.0,0.0,0.0,
33,12345,FALSE,01,35,0.0,0.0,0.0,0.0,
35,12345,FALSE,01,37,0.0,0.0,0.0,0.0,
68,12345,FALSE,02,23,0.0,0.0,0.0,0.0,
60,12345,FALSE,02,15,0.0,0.0,0.0,0.0,
54,12345,FALSE,02,09,0.0,0.0,0.0,0.0,
55,12345,FALSE,02,10,0.0,0.0,0.0,0.0,
56,12345,FALSE,02,11,0.0,0.0,0.0,0.0,
57,12345,FALSE,02,12,0.0,0.0,0.0,0.0,
58,12345,FALSE,02,13,0.0,0.0,0.0,0.0,
59,12345,FALSE,02,14,0.0,0.0,0.0,0.0,
61,12345,FALSE,02,16,0.0,0.0,0.0,0.0,
36,12345,FALSE,01,38,0.0,0.0,0.0,0.0,
62,12345,FALSE,02,17,0.0,0.0,0.0,0.0,
63,12345,FALSE,02,18,0.0,0.0,0.0,0.0,
64,12345,FALSE,02,19,0.0,0.0,0.0,0.0,
65,12345,FALSE,02,20,0.0,0.0,0.0,0.0,
66,12345,FALSE,02,21,0.0,0.0,0.0,0.0,
67,12345,FALSE,02,22,0.0,0.0,0.0,0.0,
53,12345,FALSE,02,08,0.0,0.0,0.0,0.0,
52,12345,FALSE,02,07,0.0,0.0,0.0,0.0,
51,12345,FALSE,02,06,0.0,0.0,0.0,0.0,
50,12345,FALSE,02,05,0.0,0.0,0.0,0.0,
49,12345,FALSE,02,04,0.0,0.0,0.0,0.0,
48,12345,FALSE,02,03,0.0,0.0,0.0,0.0,
47,12345,FALSE,02,01,0.0,0.0,0.0,0.0,
46,12345,FALSE,01,48,0.0,0.0,0.0,0.0,
45,12345,FALSE,01,47,0.0,0.0,0.0,0.0,
44,12345,FALSE,01,46,0.0,0.0,0.0,0.0,
43,12345,FALSE,01,45,0.0,0.0,0.0,0.0,
42,12345,FALSE,01,44,0.0,0.0,0.0,0.0,
41,12345,FALSE,01,43,0.0,0.0,0.0,0.0,
40,12345,FALSE,01,42,0.0,0.0,0.0,0.0,
39,12345,FALSE,01,41,0.0,0.0,0.0,0.0,
38,12345,FALSE,01,40,0.0,0.0,0.0,0.0,
37,12345,FALSE,01,39,0.0,0.0,0.0,0.0,
139,12345,FALSE,03,47,0.0,0.0,0.0,0.0,
141,12345,FALSE,04,01,0.0,0.0,0.0,0.0,
280,12345,FALSE,06,47,0.0,0.0,0.0,0.0,
237,12345,FALSE,06,03,0.0,0.0,0.0,0.0,
231,12345,FALSE,05,45,0.0,0.0,0.0,0.0,
232,12345,FALSE,05,46,0.0,0.0,0.0,0.0,
233,12345,FALSE,05,47,0.0,0.0,0.0,0.0,
234,12345,FALSE,05,48,0.0,0.0,0.0,0.0,
235,12345,FALSE,06,01,0.0,0.0,0.0,0.0,
236,12345,FALSE,06,02,0.0,0.0,0.0,0.0,
238,12345,FALSE,06,04,0.0,0.0,0.0,0.0,
229,12345,FALSE,05,43,0.0,0.0,0.0,0.0,
239,12345,FALSE,06,05,0.0,0.0,0.0,0.0,
240,12345,FALSE,06,07,0.0,0.0,0.0,0.0,
241,12345,FALSE,06,08,0.0,0.01,0.0,0.0,
242,12345,FALSE,06,09,0.0,0.0,0.0,0.0,
243,12345,FALSE,06,10,0.0,0.0,0.0,0.0,
244,12345,FALSE,06,11,0.0,0.0,0.01,0.0,
230,12345,FALSE,05,44,0.0,0.0,0.0,0.0,
228,12345,FALSE,05,42,0.0,0.0,0.0,0.0,
142,12345,FALSE,04,02,0.0,0.0,0.0,0.0,
219,12345,FALSE,05,33,0.0,0.0,0.0,0.0,
213,12345,FALSE,05,27,0.0,0.0,0.0,0.0,
214,12345,FALSE,05,28,0.0,0.0,0.0,0.0,
215,12345,FALSE,05,29,0.0,0.0,0.0,0.0,
216,12345,FALSE,05,30,0.0,0.0,0.0,0.0,
217,12345,FALSE,05,31,0.0,0.0,0.0,0.0,
218,12345,FALSE,05,32,0.0,0.0,0.0,0.0,
220,12345,FALSE,05,34,0.0,0.0,0.0,0.0,
227,12345,FALSE,05,41,0.0,0.0,0.0,0.0,
221,12345,FALSE,05,35,0.0,0.0,0.0,0.0,
222,12345,FALSE,05,36,0.0,0.0,0.0,0.0,
223,12345,FALSE,05,37,0.0,0.0,0.0,0.0,
224,12345,FALSE,05,38,0.0,0.0,0.0,0.0,
225,12345,FALSE,05,39,0.0,0.0,0.0,0.0,
226,12345,FALSE,05,40,0.0,0.0,0.0,0.0,
245,12345,FALSE,06,12,0.0,0.0,0.0,0.0,
246,12345,FALSE,06,13,0.0,0.0,0.0,0.0,
247,12345,FALSE,06,14,0.0,0.0,0.0,0.0,
272,12345,FALSE,06,39,0.0,0.0,0.0,0.0,
266,12345,FALSE,06,33,0.0,0.0,0.0,0.0,
267,12345,FALSE,06,34,0.0,0.0,0.0,0.0,
268,12345,FALSE,06,35,0.0,0.0,0.0,0.0,
269,12345,FALSE,06,36,0.0,0.0,0.0,0.0,
270,12345,FALSE,06,37,0.0,0.0,0.0,0.0,
271,12345,FALSE,06,38,0.0,0.0,0.0,0.0,
273,12345,FALSE,06,40,0.0,0.0,0.0,0.0,
248,12345,FALSE,06,15,0.0,0.0,0.0,0.0,
274,12345,FALSE,06,41,0.0,0.0,0.0,0.0,
275,12345,FALSE,06,42,0.0,0.0,0.0,0.0,
276,12345,FALSE,06,43,0.0,0.0,0.0,0.0,
277,12345,FALSE,06,44,0.0,0.0,0.0,0.0,
278,12345,FALSE,06,45,0.0,0.0,0.0,0.0,
279,12345,FALSE,06,46,0.0,0.0,0.0,0.0,
265,12345,FALSE,06,32,0.0,0.0,0.0,0.0,
264,12345,FALSE,06,31,0.0,0.0,0.0,0.0,
263,12345,FALSE,06,30,0.0,0.0,0.0,0.0,
262,12345,FALSE,06,29,0.0,0.0,0.0,0.0,
261,12345,FALSE,06,28,0.0,0.0,0.0,0.0,
260,12345,FALSE,06,27,0.0,0.0,0.0,0.0,
259,12345,FALSE,06,26,0.0,0.0,0.0,0.0,
258,12345,FALSE,06,25,0.0,0.0,0.0,0.0,
257,12345,FALSE,06,24,0.0,0.0,0.0,0.0,
256,12345,FALSE,06,23,0.0,0.0,0.0,0.0,
255,12345,FALSE,06,22,0.0,0.0,0.0,0.0,
254,12345,FALSE,06,21,0.0,0.0,0.0,0.0,
253,12345,FALSE,06,20,0.0,0.0,0.0,0.0,
252,12345,FALSE,06,19,0.0,0.0,0.0,0.0,
251,12345,FALSE,06,18,0.0,0.0,0.0,0.0,
250,12345,FALSE,06,17,0.0,0.0,0.0,0.0,
249,12345,FALSE,06,16,0.0,0.0,0.0,0.0,
212,12345,FALSE,05,26,0.0,0.0,0.0,0.0,
211,12345,FALSE,05,25,0.0,0.0,0.0,0.0,
210,12345,FALSE,05,24,0.0,0.0,0.0,0.0,
166,12345,FALSE,04,27,0.0,0.0,0.0,0.0,
160,12345,FALSE,04,21,0.0,0.0,0.0,0.0,
161,12345,FALSE,04,22,0.0,0.0,0.0,0.0,
162,12345,FALSE,04,23,0.0,0.0,0.0,0.0,
163,12345,FALSE,04,24,0.0,0.0,0.0,0.0,
164,12345,FALSE,04,25,0.0,0.0,0.0,0.0,
165,12345,FALSE,04,26,0.0,0.0,0.0,0.0,
167,12345,FALSE,04,28,0.0,0.0,0.0,0.0,
175,12345,FALSE,04,36,0.0,0.0,0.0,0.0,
168,12345,FALSE,04,29,0.0,0.0,0.0,0.0,
169,12345,FALSE,04,30,0.0,0.0,0.0,0.0,
170,12345,FALSE,04,31,0.0,0.0,0.0,0.0,
171,12345,FALSE,04,32,0.0,0.0,0.0,0.0,
172,12345,FALSE,04,33,0.0,0.0,0.0,0.0,
173,12345,FALSE,04,34,0.0,0.0,0.0,0.0,
159,12345,FALSE,04,20,0.0,0.0,0.0,0.0,
158,12345,FALSE,04,19,0.0,0.0,0.0,0.0,
157,12345,FALSE,04,18,0.0,0.0,0.0,0.0,
156,12345,FALSE,04,17,0.0,0.0,0.0,0.0,
155,12345,FALSE,04,16,0.0,0.0,0.0,0.0,
154,12345,FALSE,04,15,0.0,0.0,0.0,0.0,
153,12345,FALSE,04,14,0.0,0.0,0.0,0.0,
152,12345,FALSE,04,13,0.0,0.0,0.0,0.0,
151,12345,FALSE,04,12,0.0,0.0,0.0,0.0,
150,12345,FALSE,04,11,0.0,0.0,0.0,0.0,
149,12345,FALSE,04,10,0.0,0.0,0.0,0.0,
148,12345,FALSE,04,09,0.0,0.0,0.0,0.0,
147,12345,FALSE,04,08,0.0,0.0,0.0,0.0,
146,12345,FALSE,04,07,0.0,0.0,0.0,0.0,
145,12345,FALSE,04,06,0.0,0.0,0.0,0.0,
144,12345,FALSE,04,05,0.0,0.0,0.0,0.0,
143,12345,FALSE,04,03,0.0,0.0,0.0,0.0,
174,12345,FALSE,04,35,0.0,0.0,0.0,0.0,
176,12345,FALSE,04,37,0.0,0.0,0.0,0.0,
209,12345,FALSE,05,23,0.0,0.0,0.0,0.0,
201,12345,FALSE,05,15,0.0,0.0,0.0,0.0,
195,12345,FALSE,05,09,0.0,0.0,0.0,0.0,
196,12345,FALSE,05,10,0.0,0.0,0.0,0.0,
197,12345,FALSE,05,11,0.0,0.0,0.0,0.0,
198,12345,FALSE,05,12,0.0,0.0,0.0,0.0,
199,12345,FALSE,05,13,0.0,0.0,0.0,0.0,
200,12345,FALSE,05,14,0.0,0.0,0.0,0.0,
202,12345,FALSE,05,16,0.0,0.0,0.0,0.0,
177,12345,FALSE,04,38,0.0,0.0,0.0,0.0,
203,12345,FALSE,05,17,0.0,0.0,0.0,0.0,
204,12345,FALSE,05,18,0.0,0.0,0.0,0.0,
205,12345,FALSE,05,19,0.0,0.0,0.0,0.0,
206,12345,FALSE,05,20,0.0,0.0,0.0,0.0,
207,12345,FALSE,05,21,0.0,0.0,0.0,0.0,
208,12345,FALSE,05,22,0.0,0.0,0.0,0.0,
194,12345,FALSE,05,08,0.0,0.0,0.0,0.0,
193,12345,FALSE,05,07,0.0,0.0,0.0,0.0,
192,12345,FALSE,05,06,0.0,0.0,0.0,0.0,
191,12345,FALSE,05,04,0.0,0.0,0.0,0.0,
190,12345,FALSE,05,03,0.0,0.0,0.0,0.0,
189,12345,FALSE,05,02,0.0,0.0,0.0,0.0,
188,12345,FALSE,05,01,0.0,0.0,0.0,0.0,
187,12345,FALSE,04,48,0.0,0.0,0.0,0.0,
186,12345,FALSE,04,47,0.0,0.0,0.0,0.0,
185,12345,FALSE,04,46,0.0,0.0,0.0,0.0,
184,12345,FALSE,04,45,0.0,0.0,0.0,0.0,
183,12345,FALSE,04,44,0.0,0.0,0.0,0.0,
182,12345,FALSE,04,43,0.0,0.0,0.0,0.0,
181,12345,FALSE,04,42,0.0,0.0,0.0,0.0,
180,12345,FALSE,04,41,0.0,0.0,0.0,0.0,
179,12345,FALSE,04,40,0.0,0.0,0.0,0.0,
178,12345,FALSE,04,39,0.0,0.0,0.0,0.0,
562,12345,FALSE,12,48,0.0,0.0,0.0,0.0,
564,12345,FALSE,13,02,0.0,0.0,0.0,0.0,
1126,12345,FALSE,25,03,0.0,0.0,0.0,0.0,
942,12345,FALSE,21,06,0.0,0.0,0.0,0.0,
936,12345,FALSE,20,48,0.0,0.0,0.0,0.0,
937,12345,FALSE,21,01,0.0,0.0,0.0,0.0,
938,12345,FALSE,21,02,0.0,0.0,0.0,0.0,
939,12345,FALSE,21,03,0.0,0.0,0.0,0.0,
940,12345,FALSE,21,04,0.0,0.0,0.0,0.0,
941,12345,FALSE,21,05,0.0,0.0,0.0,0.0,
943,12345,FALSE,21,07,0.0,0.0,0.0,0.0,
934,12345,FALSE,20,46,0.0,0.0,0.0,0.0,
944,12345,FALSE,21,08,0.0,0.0,0.0,0.0,
945,12345,FALSE,21,09,0.0,0.0,0.0,0.0,
946,12345,FALSE,21,10,0.0,0.0,0.0,0.0,
947,12345,FALSE,21,11,0.0,0.0,0.0,0.0,
948,12345,FALSE,21,12,0.0,0.0,0.0,0.0,
949,12345,FALSE,21,13,0.0,0.0,0.0,0.0,
935,12345,FALSE,20,47,0.0,0.0,0.0,0.0,
933,12345,FALSE,20,45,0.0,0.0,0.0,0.0,
986,12345,FALSE,22,03,0.0,0.0,0.0,0.0,
924,12345,FALSE,20,36,0.0,0.0,0.0,0.0,
918,12345,FALSE,20,30,0.0,0.0,0.0,0.0,
919,12345,FALSE,20,31,0.0,0.0,0.0,0.0,
920,12345,FALSE,20,32,0.0,0.0,0.0,0.0,
921,12345,FALSE,20,33,0.0,0.0,0.0,0.0,
922,12345,FALSE,20,34,0.0,0.0,0.0,0.0,
923,12345,FALSE,20,35,0.0,0.0,0.0,0.0,
925,12345,FALSE,20,37,0.0,0.0,0.0,0.0,
932,12345,FALSE,20,44,0.0,0.0,0.0,0.0,
926,12345,FALSE,20,38,0.0,0.0,0.0,0.0,
927,12345,FALSE,20,39,0.01,0.01,0.0,0.01,
928,12345,FALSE,20,40,0.0,0.0,0.0,0.0,
929,12345,FALSE,20,41,0.0,0.0,0.0,0.0,
930,12345,FALSE,20,42,0.0,0.0,0.0,0.0,
931,12345,FALSE,20,43,0.0,0.0,0.0,0.0,
950,12345,FALSE,21,14,0.0,0.0,0.0,0.0,
951,12345,FALSE,21,15,0.0,0.0,0.0,0.0,
952,12345,FALSE,21,16,0.0,0.0,0.0,0.0,
977,12345,FALSE,21,42,0.0,0.0,0.0,0.0,
971,12345,FALSE,21,36,0.0,0.0,0.0,0.0,
972,12345,FALSE,21,37,0.0,0.0,0.0,0.0,
973,12345,FALSE,21,38,0.0,0.0,0.0,0.0,
974,12345,FALSE,21,39,0.0,0.0,0.0,0.0,
975,12345,FALSE,21,40,0.0,0.0,0.0,0.0,
976,12345,FALSE,21,41,0.0,0.0,0.0,0.0,
978,12345,FALSE,21,43,0.0,0.0,0.0,0.0,
953,12345,FALSE,21,17,0.0,0.0,0.0,0.0,
979,12345,FALSE,21,44,0.04,0.03,0.03,0.03,
980,12345,FALSE,21,45,0.0,0.0,0.0,0.0,
981,12345,FALSE,21,46,0.0,0.0,0.0,0.0,
982,12345,FALSE,21,47,0.0,0.0,0.0,0.0,
983,12345,FALSE,21,48,0.0,0.0,0.0,0.0,
984,12345,FALSE,22,01,0.0,0.0,0.0,0.0,
970,12345,FALSE,21,35,0.0,0.0,0.0,0.0,
969,12345,FALSE,21,34,0.0,0.0,0.0,0.0,
968,12345,FALSE,21,33,0.0,0.0,0.0,0.0,
967,12345,FALSE,21,32,0.0,0.0,0.0,0.0,
966,12345,FALSE,21,31,0.0,0.0,0.0,0.0,
965,12345,FALSE,21,30,0.0,0.0,0.0,0.0,
964,12345,FALSE,21,29,0.05,0.05,0.04,0.05,
963,12345,FALSE,21,28,0.0,0.0,0.0,0.0,
962,12345,FALSE,21,27,0.0,0.0,0.0,0.0,
961,12345,FALSE,21,26,0.0,0.0,0.0,0.0,
960,12345,FALSE,21,25,0.0,0.0,0.0,0.0,
959,12345,FALSE,21,24,0.0,0.0,0.0,0.0,
958,12345,FALSE,21,23,0.0,0.0,0.0,0.0,
957,12345,FALSE,21,22,0.0,0.0,0.0,0.0,
956,12345,FALSE,21,20,0.0,0.0,0.0,0.0,
955,12345,FALSE,21,19,0.0,0.0,0.0,0.0,
954,12345,FALSE,21,18,0.0,0.0,0.0,0.0,
917,12345,FALSE,20,29,0.0,0.0,0.0,0.0,
916,12345,FALSE,20,28,0.0,0.0,0.0,0.0,
915,12345,FALSE,20,27,0.0,0.0,0.0,0.0,
871,12345,FALSE,19,30,0.0,0.0,0.0,0.0,
865,12345,FALSE,19,24,0.0,0.0,0.0,0.0,
866,12345,FALSE,19,25,0.0,0.0,0.0,0.0,
867,12345,FALSE,19,26,0.0,0.0,0.0,0.0,
868,12345,FALSE,19,27,0.0,0.0,0.0,0.0,
869,12345,FALSE,19,28,0.0,0.0,0.0,0.0,
870,12345,FALSE,19,29,0.0,0.0,0.0,0.0,
872,12345,FALSE,19,31,0.0,0.0,0.0,0.0,
880,12345,FALSE,19,39,0.0,0.0,0.0,0.0,
873,12345,FALSE,19,32,0.0,0.0,0.0,0.0,
874,12345,FALSE,19,33,0.0,0.0,0.0,0.0,
875,12345,FALSE,19,34,0.0,0.0,0.0,0.0,
876,12345,FALSE,19,35,0.0,0.0,0.0,0.0,
877,12345,FALSE,19,36,0.0,0.0,0.0,0.0,
878,12345,FALSE,19,37,0.0,0.0,0.0,0.0,
864,12345,FALSE,19,23,0.0,0.0,0.0,0.0,
863,12345,FALSE,19,22,0.0,0.0,0.0,0.0,
862,12345,FALSE,19,21,0.0,0.0,0.0,0.0,
861,12345,FALSE,19,20,0.0,0.0,0.0,0.0,
860,12345,FALSE,19,18,0.0,0.0,0.0,0.0,
859,12345,FALSE,19,17,0.0,0.0,0.0,0.0,
858,12345,FALSE,19,16,0.0,0.0,0.0,0.0,
857,12345,FALSE,19,15,0.0,0.0,0.0,0.0,
856,12345,FALSE,19,14,0.0,0.0,0.0,0.0,
855,12345,FALSE,19,13,0.0,0.0,0.0,0.0,
854,12345,FALSE,19,12,0.0,0.0,0.0,0.0,
853,12345,FALSE,19,11,0.0,0.0,0.0,0.0,
852,12345,FALSE,19,10,0.0,0.0,0.0,0.0,
851,12345,FALSE,19,09,0.0,0.0,0.0,0.0,
850,12345,FALSE,19,08,0.01,0.01,0.0,0.01,
849,12345,FALSE,19,07,0.0,0.0,0.0,0.0,
848,12345,FALSE,19,06,0.0,0.0,0.0,0.0,
879,12345,FALSE,19,38,0.0,0.0,0.0,0.0,
881,12345,FALSE,19,40,0.0,0.0,0.0,0.0,
914,12345,FALSE,20,26,0.0,0.0,0.0,0.0,
906,12345,FALSE,20,17,0.0,0.0,0.0,0.0,
900,12345,FALSE,20,11,0.01,0.01,0.01,0.01,
901,12345,FALSE,20,12,0.0,0.0,0.0,0.0,
902,12345,FALSE,20,13,0.0,0.0,0.0,0.0,
903,12345,FALSE,20,14,0.0,0.0,0.0,0.0,
904,12345,FALSE,20,15,0.0,0.0,0.0,0.0,
905,12345,FALSE,20,16,0.0,0.0,0.0,0.0,
907,12345,FALSE,20,18,0.0,0.0,0.0,0.0,
882,12345,FALSE,19,41,0.0,0.0,0.0,0.0,
908,12345,FALSE,20,19,0.0,0.0,0.0,0.0,
909,12345,FALSE,20,21,0.0,0.0,0.0,0.0,
910,12345,FALSE,20,22,0.0,0.0,0.0,0.0,
911,12345,FALSE,20,23,0.0,0.0,0.0,0.0,
912,12345,FALSE,20,24,0.0,0.0,0.0,0.0,
913,12345,FALSE,20,25,0.0,0.0,0.0,0.0,
899,12345,FALSE,20,10,0.0,0.0,0.0,0.0,
898,12345,FALSE,20,09,0.0,0.0,0.0,0.0,
897,12345,FALSE,20,08,0.0,0.0,0.0,0.0,
896,12345,FALSE,20,07,0.0,0.0,0.0,0.0,
895,12345,FALSE,20,06,0.0,0.0,0.0,0.0,
894,12345,FALSE,20,05,0.0,0.0,0.0,0.0,
893,12345,FALSE,20,04,0.0,0.0,0.0,0.0,
892,12345,FALSE,20,03,0.0,0.0,0.0,0.0,
891,12345,FALSE,20,02,0.0,0.0,0.0,0.0,
890,12345,FALSE,20,01,0.0,0.0,0.0,0.0,
889,12345,FALSE,19,48,0.0,0.0,0.0,0.0,
888,12345,FALSE,19,47,0.0,0.0,0.0,0.0,
887,12345,FALSE,19,46,0.0,0.0,0.0,0.0,
886,12345,FALSE,19,45,0.0,0.0,0.0,0.0,
885,12345,FALSE,19,44,0.0,0.0,0.0,0.0,
884,12345,FALSE,19,43,0.0,0.0,0.0,0.0,
883,12345,FALSE,19,42,0.0,0.0,0.0,0.0,
985,12345,FALSE,22,02,0.0,0.0,0.0,0.0,
987,12345,FALSE,22,04,0.0,0.0,0.0,0.0,
846,12345,FALSE,19,04,0.0,0.0,0.0,0.0,
1083,12345,FALSE,24,07,0.0,0.0,0.0,0.0,
1077,12345,FALSE,24,01,0.0,0.0,0.0,0.0,
1078,12345,FALSE,24,02,0.0,0.0,0.0,0.0,
1079,12345,FALSE,24,03,0.0,0.0,0.0,0.0,
1080,12345,FALSE,24,04,0.0,0.0,0.0,0.0,
1081,12345,FALSE,24,05,0.0,0.0,0.0,0.0,
1082,12345,FALSE,24,06,0.0,0.0,0.0,0.0,
1084,12345,FALSE,24,08,0.0,0.0,0.0,0.0,
1075,12345,FALSE,23,47,0.0,0.0,0.0,0.0,
1085,12345,FALSE,24,09,0.0,0.0,0.0,0.0,
1086,12345,FALSE,24,10,0.0,0.0,0.0,0.0,
1087,12345,FALSE,24,11,0.0,0.0,0.0,0.0,
1088,12345,FALSE,24,12,0.0,0.0,0.0,0.0,
1089,12345,FALSE,24,13,0.0,0.0,0.0,0.0,
1090,12345,FALSE,24,14,0.0,0.0,0.0,0.0,
1076,12345,FALSE,23,48,0.0,0.0,0.0,0.0,
1074,12345,FALSE,23,46,0.0,0.0,0.0,0.0,
988,12345,FALSE,22,05,0.0,0.0,0.0,0.0,
1065,12345,FALSE,23,37,0.0,0.0,0.0,0.0,
1059,12345,FALSE,23,31,0.02,0.02,0.02,0.02,
1060,12345,FALSE,23,32,0.0,0.0,0.0,0.0,
1061,12345,FALSE,23,33,0.0,0.0,0.0,0.0,
1062,12345,FALSE,23,34,0.0,0.0,0.0,0.0,
1063,12345,FALSE,23,35,0.0,0.0,0.0,0.0,
1064,12345,FALSE,23,36,0.0,0.0,0.0,0.0,
1066,12345,FALSE,23,38,0.0,0.0,0.0,0.0,
1073,12345,FALSE,23,45,0.0,0.0,0.0,0.0,
1067,12345,FALSE,23,39,0.0,0.0,0.0,0.0,
1068,12345,FALSE,23,40,0.0,0.0,0.0,0.0,
1069,12345,FALSE,23,41,0.0,0.0,0.0,0.0,
1070,12345,FALSE,23,42,0.0,0.0,0.0,0.0,
1071,12345,FALSE,23,43,0.0,0.0,0.0,0.0,
1072,12345,FALSE,23,44,0.0,0.0,0.0,0.0,
1091,12345,FALSE,24,15,0.0,0.0,0.0,0.0,
1092,12345,FALSE,24,16,0.0,0.0,0.0,0.0,
1093,12345,FALSE,24,17,0.0,0.0,0.0,0.0,
1118,12345,FALSE,24,43,0.0,0.0,0.0,0.0,
1112,12345,FALSE,24,37,0.0,0.0,0.0,0.0,
1113,12345,FALSE,24,38,0.0,0.0,0.0,0.0,
1114,12345,FALSE,24,39,0.0,0.0,0.0,0.0,
1115,12345,FALSE,24,40,0.0,0.0,0.0,0.0,
1116,12345,FALSE,24,41,0.0,0.0,0.0,0.0,
1117,12345,FALSE,24,42,0.0,0.0,0.0,0.0,
1119,12345,FALSE,24,44,0.0,0.0,0.0,0.0,
1094,12345,FALSE,24,18,0.0,0.0,0.0,0.0,
1120,12345,FALSE,24,45,0.0,0.0,0.0,0.0,
1121,12345,FALSE,24,46,0.0,0.0,0.0,0.0,
1122,12345,FALSE,24,47,0.0,0.0,0.0,0.0,
1123,12345,FALSE,24,48,0.0,0.0,0.0,0.0,
1124,12345,FALSE,25,01,0.01,0.01,0.0,0.01,
1125,12345,FALSE,25,02,0.0,0.0,0.0,0.0,
1111,12345,FALSE,24,36,0.0,0.0,0.0,0.0,
1110,12345,FALSE,24,35,0.0,0.0,0.0,0.0,
1109,12345,FALSE,24,34,0.01,0.01,0.01,0.01,
1108,12345,FALSE,24,33,0.0,0.0,0.0,0.0,
1107,12345,FALSE,24,32,0.0,0.0,0.0,0.0,
1106,12345,FALSE,24,31,0.0,0.0,0.0,0.0,
1105,12345,FALSE,24,30,0.0,0.0,0.0,0.0,
1104,12345,FALSE,24,29,0.0,0.0,0.0,0.0,
1103,12345,FALSE,24,28,0.0,0.0,0.0,0.0,
1102,12345,FALSE,24,27,0.0,0.0,0.0,0.0,
1101,12345,FALSE,24,26,0.0,0.0,0.0,0.0,
1100,12345,FALSE,24,25,0.0,0.0,0.0,0.0,
1099,12345,FALSE,24,23,0.0,0.0,0.0,0.0,
1098,12345,FALSE,24,22,0.01,0.01,0.01,0.01,
1097,12345,FALSE,24,21,0.0,0.0,0.0,0.0,
1096,12345,FALSE,24,20,0.0,0.0,0.0,0.0,
1095,12345,FALSE,24,19,0.0,0.0,0.0,0.0,
1058,12345,FALSE,23,30,0.0,0.0,0.0,0.0,
1057,12345,FALSE,23,29,0.0,0.0,0.0,0.0,
1056,12345,FALSE,23,28,0.0,0.0,0.0,0.0,
1012,12345,FALSE,22,30,0.0,0.0,0.0,0.0,
1006,12345,FALSE,22,24,0.0,0.0,0.0,0.0,
1007,12345,FALSE,22,25,0.0,0.0,0.0,0.0,
1008,12345,FALSE,22,26,0.0,0.0,0.0,0.0,
1009,12345,FALSE,22,27,0.0,0.0,0.0,0.0,
1010,12345,FALSE,22,28,0.0,0.0,0.0,0.0,
1011,12345,FALSE,22,29,0.0,0.0,0.0,0.0,
1013,12345,FALSE,22,31,0.0,0.0,0.0,0.0,
1021,12345,FALSE,22,39,0.0,0.0,0.0,0.0,
1014,12345,FALSE,22,32,0.0,0.0,0.0,0.0,
1015,12345,FALSE,22,33,0.0,0.0,0.0,0.0,
1016,12345,FALSE,22,34,0.0,0.0,0.0,0.0,
1017,12345,FALSE,22,35,0.0,0.0,0.0,0.0,
1018,12345,FALSE,22,36,0.0,0.0,0.0,0.0,
1019,12345,FALSE,22,37,0.0,0.0,0.0,0.0,
1005,12345,FALSE,22,23,0.0,0.0,0.0,0.0,
1004,12345,FALSE,22,21,0.0,0.0,0.0,0.0,
1003,12345,FALSE,22,20,0.0,0.0,0.0,0.0,
1002,12345,FALSE,22,19,0.0,0.0,0.0,0.0,
1001,12345,FALSE,22,18,0.0,0.0,0.0,0.0,
1000,12345,FALSE,22,17,0.0,0.0,0.0,0.0,
999,12345,FALSE,22,16,0.0,0.0,0.0,0.0,
998,12345,FALSE,22,15,0.0,0.0,0.0,0.0,
997,12345,FALSE,22,14,0.0,0.0,0.0,0.0,
996,12345,FALSE,22,13,0.0,0.0,0.0,0.0,
995,12345,FALSE,22,12,0.0,0.0,0.0,0.0,
994,12345,FALSE,22,11,0.0,0.0,0.0,0.0,
993,12345,FALSE,22,10,0.0,0.0,0.0,0.0,
992,12345,FALSE,22,09,0.0,0.0,0.0,0.0,
991,12345,FALSE,22,08,0.0,0.0,0.0,0.0,
990,12345,FALSE,22,07,0.0,0.0,0.0,0.0,
989,12345,FALSE,22,06,0.0,0.0,0.0,0.0,
1020,12345,FALSE,22,38,0.0,0.0,0.0,0.0,
1022,12345,FALSE,22,40,0.0,0.0,0.0,0.0,
1055,12345,FALSE,23,27,0.0,0.0,0.0,0.0,
1047,12345,FALSE,23,18,0.0,0.0,0.0,0.0,
1041,12345,FALSE,23,11,0.01,0.01,0.01,0.01,
1042,12345,FALSE,23,12,0.0,0.0,0.0,0.0,
1043,12345,FALSE,23,13,0.0,0.0,0.0,0.0,
1044,12345,FALSE,23,14,0.0,0.0,0.0,0.0,
1045,12345,FALSE,23,15,0.0,0.0,0.0,0.0,
1046,12345,FALSE,23,17,0.0,0.0,0.0,0.0,
1048,12345,FALSE,23,19,0.0,0.0,0.0,0.0,
1023,12345,FALSE,22,41,0.0,0.0,0.0,0.0,
1049,12345,FALSE,23,20,0.0,0.0,0.0,0.0,
1050,12345,FALSE,23,21,0.0,0.0,0.0,0.0,
1051,12345,FALSE,23,22,0.0,0.0,0.0,0.0,
1052,12345,FALSE,23,24,0.0,0.0,0.0,0.0,
1053,12345,FALSE,23,25,0.0,0.0,0.0,0.0,
1054,12345,FALSE,23,26,0.0,0.0,0.0,0.0,
1040,12345,FALSE,23,10,0.0,0.0,0.0,0.0,
1039,12345,FALSE,23,09,0.0,0.0,0.0,0.0,
1038,12345,FALSE,23,08,0.0,0.0,0.0,0.0,
1037,12345,FALSE,23,07,0.0,0.01,0.0,0.0,
1036,12345,FALSE,23,06,0.0,0.0,0.0,0.0,
1035,12345,FALSE,23,05,0.0,0.0,0.0,0.0,
1034,12345,FALSE,23,04,0.0,0.0,0.0,0.0,
1033,12345,FALSE,23,03,0.0,0.0,0.0,0.0,
1032,12345,FALSE,23,02,0.0,0.0,0.0,0.0,
1031,12345,FALSE,23,01,0.0,0.0,0.0,0.0,
1030,12345,FALSE,22,48,0.0,0.0,0.0,0.0,
1029,12345,FALSE,22,47,0.0,0.0,0.0,0.0,
1028,12345,FALSE,22,46,0.0,0.0,0.0,0.0,
1027,12345,FALSE,22,45,0.0,0.0,0.0,0.0,
1026,12345,FALSE,22,44,0.0,0.0,0.0,0.0,
1025,12345,FALSE,22,43,0.0,0.0,0.0,0.0,
1024,12345,FALSE,22,42,0.0,0.0,0.0,0.0,
847,12345,FALSE,19,05,0.0,0.0,0.0,0.0,
845,12345,FALSE,19,03,0.0,0.0,0.0,0.0,
565,12345,FALSE,13,03,0.0,0.0,0.0,0.0,
660,12345,FALSE,15,05,0.0,0.0,0.0,0.0,
654,12345,FALSE,14,47,0.0,0.0,0.0,0.0,
655,12345,FALSE,14,48,0.0,0.0,0.0,0.0,
656,12345,FALSE,15,01,0.0,0.0,0.0,0.0,
657,12345,FALSE,15,02,0.0,0.0,0.0,0.0,
658,12345,FALSE,15,03,0.01,0.01,0.01,0.01,
659,12345,FALSE,15,04,0.0,0.0,0.0,0.0,
661,12345,FALSE,15,06,0.0,0.0,0.0,0.0,
652,12345,FALSE,14,45,0.0,0.0,0.0,0.0,
662,12345,FALSE,15,07,0.0,0.0,0.0,0.0,
663,12345,FALSE,15,08,0.0,0.0,0.0,0.0,
664,12345,FALSE,15,09,0.0,0.0,0.0,0.0,
665,12345,FALSE,15,10,0.0,0.0,0.0,0.0,
666,12345,FALSE,15,11,0.0,0.0,0.0,0.0,
667,12345,FALSE,15,12,0.0,0.0,0.0,0.0,
653,12345,FALSE,14,46,0.0,0.0,0.0,0.0,
651,12345,FALSE,14,44,0.0,0.0,0.0,0.0,
704,12345,FALSE,16,02,0.0,0.0,0.0,0.0,
642,12345,FALSE,14,35,0.0,0.0,0.0,0.0,
636,12345,FALSE,14,29,0.0,0.0,0.0,0.0,
637,12345,FALSE,14,30,0.0,0.0,0.0,0.0,
638,12345,FALSE,14,31,0.0,0.0,0.0,0.0,
639,12345,FALSE,14,32,0.0,0.0,0.0,0.0,
640,12345,FALSE,14,33,0.0,0.0,0.0,0.0,
641,12345,FALSE,14,34,0.0,0.0,0.0,0.0,
643,12345,FALSE,14,36,0.0,0.0,0.0,0.0,
650,12345,FALSE,14,43,0.0,0.0,0.0,0.0,
644,12345,FALSE,14,37,0.0,0.0,0.0,0.0,
645,12345,FALSE,14,38,0.0,0.0,0.0,0.0,
646,12345,FALSE,14,39,0.0,0.0,0.01,0.0,
647,12345,FALSE,14,40,0.0,0.0,0.0,0.0,
648,12345,FALSE,14,41,0.0,0.0,0.0,0.0,
649,12345,FALSE,14,42,0.0,0.0,0.0,0.0,
668,12345,FALSE,15,13,0.0,0.0,0.0,0.0,
669,12345,FALSE,15,14,0.0,0.0,0.0,0.0,
670,12345,FALSE,15,16,0.0,0.0,0.0,0.0,
695,12345,FALSE,15,41,0.0,0.0,0.0,0.0,
689,12345,FALSE,15,35,0.0,0.0,0.0,0.0,
690,12345,FALSE,15,36,0.0,0.0,0.0,0.0,
691,12345,FALSE,15,37,0.0,0.0,0.0,0.0,
692,12345,FALSE,15,38,0.0,0.0,0.0,0.0,
693,12345,FALSE,15,39,0.0,0.0,0.0,0.0,
694,12345,FALSE,15,40,0.0,0.0,0.0,0.0,
696,12345,FALSE,15,42,0.0,0.0,0.0,0.0,
671,12345,FALSE,15,17,0.0,0.0,0.0,0.0,
697,12345,FALSE,15,43,0.0,0.0,0.0,0.0,
698,12345,FALSE,15,44,0.0,0.0,0.0,0.0,
699,12345,FALSE,15,45,0.0,0.0,0.0,0.0,
700,12345,FALSE,15,46,0.0,0.0,0.0,0.0,
701,12345,FALSE,15,47,0.0,0.0,0.0,0.0,
702,12345,FALSE,15,48,0.0,0.0,0.0,0.0,
688,12345,FALSE,15,34,0.0,0.0,0.0,0.0,
687,12345,FALSE,15,33,0.0,0.0,0.0,0.0,
686,12345,FALSE,15,32,0.0,0.0,0.0,0.0,
685,12345,FALSE,15,31,0.0,0.0,0.0,0.0,
684,12345,FALSE,15,30,0.0,0.0,0.0,0.0,
683,12345,FALSE,15,29,0.0,0.0,0.0,0.0,
682,12345,FALSE,15,28,0.0,0.0,0.0,0.0,
681,12345,FALSE,15,27,0.0,0.0,0.0,0.0,
680,12345,FALSE,15,26,0.0,0.0,0.0,0.0,
679,12345,FALSE,15,25,0.0,0.0,0.0,0.0,
678,12345,FALSE,15,24,0.0,0.0,0.0,0.0,
677,12345,FALSE,15,23,0.0,0.0,0.0,0.0,
676,12345,FALSE,15,22,0.0,0.0,0.0,0.0,
675,12345,FALSE,15,21,0.0,0.0,0.0,0.0,
674,12345,FALSE,15,20,0.0,0.0,0.0,0.0,
673,12345,FALSE,15,19,0.0,0.0,0.0,0.0,
672,12345,FALSE,15,18,0.0,0.0,0.0,0.0,
635,12345,FALSE,14,28,0.0,0.0,0.0,0.0,
634,12345,FALSE,14,27,0.0,0.0,0.0,0.0,
633,12345,FALSE,14,25,0.0,0.0,0.0,0.0,
589,12345,FALSE,13,28,0.0,0.0,0.0,0.0,
583,12345,FALSE,13,22,0.0,0.0,0.0,0.0,
584,12345,FALSE,13,23,0.0,0.0,0.0,0.0,
585,12345,FALSE,13,24,0.0,0.0,0.0,0.0,
586,12345,FALSE,13,25,0.0,0.0,0.0,0.0,
587,12345,FALSE,13,26,0.0,0.0,0.0,0.0,
588,12345,FALSE,13,27,0.0,0.0,0.0,0.0,
590,12345,FALSE,13,29,0.0,0.0,0.0,0.0,
598,12345,FALSE,13,37,0.01,0.01,0.01,0.01,
591,12345,FALSE,13,30,0.0,0.0,0.0,0.0,
592,12345,FALSE,13,31,0.0,0.01,0.0,0.0,
593,12345,FALSE,13,32,0.0,0.0,0.0,0.0,
594,12345,FALSE,13,33,0.0,0.0,0.0,0.0,
595,12345,FALSE,13,34,0.0,0.0,0.0,0.0,
596,12345,FALSE,13,35,0.0,0.0,0.0,0.0,
582,12345,FALSE,13,21,0.0,0.0,0.0,0.0,
581,12345,FALSE,13,20,0.0,0.0,0.0,0.0,
580,12345,FALSE,13,19,0.0,0.0,0.0,0.0,
579,12345,FALSE,13,18,0.0,0.0,0.0,0.0,
578,12345,FALSE,13,17,0.0,0.0,0.0,0.0,
577,12345,FALSE,13,16,0.0,0.0,0.0,0.0,
576,12345,FALSE,13,15,0.0,0.0,0.0,0.0,
575,12345,FALSE,13,14,0.02,0.02,0.02,0.02,
574,12345,FALSE,13,12,0.0,0.0,0.0,0.0,
573,12345,FALSE,13,11,0.0,0.0,0.0,0.0,
572,12345,FALSE,13,10,0.0,0.0,0.0,0.0,
571,12345,FALSE,13,09,0.01,0.01,0.01,0.01,
570,12345,FALSE,13,08,0.0,0.0,0.0,0.0,
569,12345,FALSE,13,07,0.0,0.0,0.0,0.0,
568,12345,FALSE,13,06,0.0,0.0,0.0,0.0,
567,12345,FALSE,13,05,0.0,0.0,0.0,0.0,
566,12345,FALSE,13,04,0.0,0.0,0.0,0.0,
597,12345,FALSE,13,36,0.0,0.0,0.0,0.0,
599,12345,FALSE,13,38,0.0,0.0,0.0,0.0,
632,12345,FALSE,14,24,0.0,0.0,0.0,0.0,
624,12345,FALSE,14,16,0.0,0.0,0.0,0.0,
618,12345,FALSE,14,09,0.0,0.0,0.0,0.0,
619,12345,FALSE,14,10,0.01,0.0,0.0,0.0,
620,12345,FALSE,14,11,0.0,0.0,0.0,0.0,
621,12345,FALSE,14,12,0.0,0.0,0.0,0.0,
622,12345,FALSE,14,13,0.0,0.0,0.0,0.0,
623,12345,FALSE,14,15,0.0,0.0,0.0,0.0,
625,12345,FALSE,14,17,0.0,0.0,0.0,0.0,
600,12345,FALSE,13,39,0.0,0.0,0.0,0.0,
626,12345,FALSE,14,18,0.03,0.03,0.04,0.03,
627,12345,FALSE,14,19,0.0,0.0,0.0,0.0,
628,12345,FALSE,14,20,0.0,0.0,0.0,0.0,
629,12345,FALSE,14,21,0.0,0.0,0.0,0.0,
630,12345,FALSE,14,22,0.0,0.0,0.0,0.0,
631,12345,FALSE,14,23,0.0,0.0,0.0,0.0,
617,12345,FALSE,14,08,0.0,0.0,0.0,0.0,
616,12345,FALSE,14,07,0.0,0.0,0.0,0.0,
615,12345,FALSE,14,06,0.0,0.0,0.0,0.0,
614,12345,FALSE,14,05,0.0,0.0,0.0,0.0,
613,12345,FALSE,14,04,0.0,0.0,0.0,0.0,
612,12345,FALSE,14,03,0.0,0.0,0.0,0.0,
611,12345,FALSE,14,02,0.0,0.0,0.0,0.0,
610,12345,FALSE,14,01,0.0,0.0,0.0,0.0,
609,12345,FALSE,13,48,0.0,0.0,0.0,0.0,
608,12345,FALSE,13,47,0.0,0.0,0.0,0.0,
607,12345,FALSE,13,46,0.0,0.0,0.0,0.0,
606,12345,FALSE,13,45,0.0,0.0,0.0,0.0,
605,12345,FALSE,13,44,0.0,0.0,0.0,0.0,
604,12345,FALSE,13,43,0.0,0.0,0.0,0.0,
603,12345,FALSE,13,42,0.0,0.0,0.0,0.0,
602,12345,FALSE,13,41,0.0,0.0,0.0,0.0,
601,12345,FALSE,13,40,0.0,0.0,0.0,0.0,
703,12345,FALSE,16,01,0.0,0.0,0.0,0.0,
705,12345,FALSE,16,03,0.0,0.0,0.0,0.0,
844,12345,FALSE,19,02,0.0,0.0,0.0,0.0,
801,12345,FALSE,18,06,0.0,0.0,0.0,0.0,
795,12345,FALSE,17,48,0.0,0.0,0.0,0.0,
796,12345,FALSE,18,01,0.0,0.0,0.0,0.0,
797,12345,FALSE,18,02,0.0,0.0,0.0,0.0,
798,12345,FALSE,18,03,0.0,0.0,0.0,0.0,
799,12345,FALSE,18,04,0.0,0.0,0.0,0.0,
800,12345,FALSE,18,05,0.0,0.0,0.0,0.0,
802,12345,FALSE,18,07,0.0,0.0,0.0,0.0,
793,12345,FALSE,17,46,0.0,0.0,0.0,0.0,
803,12345,FALSE,18,08,0.0,0.0,0.0,0.0,
804,12345,FALSE,18,09,0.0,0.0,0.0,0.0,
805,12345,FALSE,18,10,0.02,0.04,0.04,0.04,
806,12345,FALSE,18,11,0.0,0.0,0.0,0.0,
807,12345,FALSE,18,12,0.0,0.0,0.0,0.0,
808,12345,FALSE,18,13,0.0,0.0,0.0,0.0,
794,12345,FALSE,17,47,0.0,0.0,0.0,0.0,
792,12345,FALSE,17,45,0.0,0.0,0.0,0.0,
706,12345,FALSE,16,04,0.0,0.0,0.0,0.0,
783,12345,FALSE,17,36,0.0,0.0,0.0,0.0,
777,12345,FALSE,17,30,0.0,0.0,0.0,0.0,
778,12345,FALSE,17,31,0.0,0.0,0.0,0.0,
779,12345,FALSE,17,32,0.0,0.0,0.0,0.0,
780,12345,FALSE,17,33,0.0,0.0,0.0,0.0,
781,12345,FALSE,17,34,0.0,0.0,0.0,0.0,
782,12345,FALSE,17,35,0.0,0.0,0.0,0.0,
784,12345,FALSE,17,37,0.0,0.0,0.0,0.0,
791,12345,FALSE,17,44,0.0,0.0,0.0,0.0,
785,12345,FALSE,17,38,0.0,0.0,0.0,0.0,
786,12345,FALSE,17,39,0.0,0.0,0.0,0.0,
787,12345,FALSE,17,40,0.0,0.0,0.0,0.0,
788,12345,FALSE,17,41,0.0,0.0,0.0,0.0,
789,12345,FALSE,17,42,0.0,0.0,0.0,0.0,
790,12345,FALSE,17,43,0.0,0.0,0.0,0.0,
809,12345,FALSE,18,14,0.0,0.0,0.0,0.0,
810,12345,FALSE,18,15,0.0,0.0,0.0,0.0,
811,12345,FALSE,18,16,0.0,0.0,0.0,0.0,
836,12345,FALSE,18,42,0.0,0.0,0.0,0.0,
830,12345,FALSE,18,36,0.0,0.0,0.0,0.0,
831,12345,FALSE,18,37,0.0,0.0,0.0,0.0,
832,12345,FALSE,18,38,0.0,0.0,0.0,0.0,
833,12345,FALSE,18,39,0.0,0.0,0.0,0.0,
834,12345,FALSE,18,40,0.0,0.0,0.0,0.0,
835,12345,FALSE,18,41,0.0,0.0,0.0,0.0,
837,12345,FALSE,18,43,0.0,0.0,0.0,0.0,
812,12345,FALSE,18,17,0.0,0.0,0.0,0.0,
838,12345,FALSE,18,44,0.0,0.0,0.0,0.0,
839,12345,FALSE,18,45,0.0,0.0,0.0,0.0,
840,12345,FALSE,18,46,0.0,0.0,0.0,0.0,
841,12345,FALSE,18,47,0.0,0.0,0.0,0.0,
842,12345,FALSE,18,48,0.0,0.0,0.0,0.0,
843,12345,FALSE,19,01,0.0,0.0,0.0,0.0,
829,12345,FALSE,18,35,0.0,0.0,0.0,0.0,
828,12345,FALSE,18,34,0.0,0.0,0.0,0.0,
827,12345,FALSE,18,33,0.0,0.0,0.0,0.0,
826,12345,FALSE,18,32,0.0,0.0,0.0,0.0,
825,12345,FALSE,18,31,0.0,0.0,0.0,0.0,
824,12345,FALSE,18,30,0.0,0.0,0.0,0.0,
823,12345,FALSE,18,29,0.0,0.0,0.0,0.0,
822,12345,FALSE,18,28,0.0,0.0,0.0,0.0,
821,12345,FALSE,18,27,0.0,0.0,0.0,0.0,
820,12345,FALSE,18,26,0.0,0.0,0.0,0.0,
819,12345,FALSE,18,25,0.0,0.0,0.0,0.0,
818,12345,FALSE,18,24,0.0,0.0,0.0,0.0,
817,12345,FALSE,18,23,0.0,0.0,0.0,0.0,
816,12345,FALSE,18,22,0.0,0.0,0.0,0.0,
815,12345,FALSE,18,21,0.0,0.0,0.0,0.0,
814,12345,FALSE,18,20,0.0,0.0,0.0,0.0,
813,12345,FALSE,18,19,0.0,0.0,0.0,0.0,
776,12345,FALSE,17,29,0.0,0.0,0.0,0.0,
775,12345,FALSE,17,28,0.0,0.0,0.0,0.0,
774,12345,FALSE,17,27,0.0,0.0,0.0,0.0,
730,12345,FALSE,16,30,0.0,0.0,0.0,0.0,
724,12345,FALSE,16,24,0.0,0.0,0.0,0.0,
725,12345,FALSE,16,25,0.0,0.0,0.0,0.0,
726,12345,FALSE,16,26,0.0,0.0,0.0,0.0,
727,12345,FALSE,16,27,0.0,0.0,0.0,0.0,
728,12345,FALSE,16,28,0.0,0.0,0.0,0.0,
729,12345,FALSE,16,29,0.0,0.0,0.0,0.0,
731,12345,FALSE,16,31,0.0,0.0,0.0,0.0,
739,12345,FALSE,16,39,0.0,0.0,0.0,0.0,
732,12345,FALSE,16,32,0.0,0.0,0.0,0.0,
733,12345,FALSE,16,33,0.0,0.0,0.0,0.0,
734,12345,FALSE,16,34,0.0,0.0,0.0,0.0,
735,12345,FALSE,16,35,0.0,0.0,0.0,0.0,
736,12345,FALSE,16,36,0.0,0.0,0.0,0.0,
737,12345,FALSE,16,37,0.0,0.0,0.0,0.0,
723,12345,FALSE,16,22,0.0,0.0,0.0,0.0,
722,12345,FALSE,16,21,0.0,0.0,0.0,0.0,
721,12345,FALSE,16,20,0.0,0.0,0.0,0.0,
720,12345,FALSE,16,19,0.0,0.0,0.0,0.0,
719,12345,FALSE,16,18,0.0,0.0,0.0,0.0,
718,12345,FALSE,16,17,0.0,0.0,0.0,0.0,
717,12345,FALSE,16,15,0.0,0.0,0.0,0.0,
716,12345,FALSE,16,14,0.0,0.0,0.0,0.0,
715,12345,FALSE,16,13,0.0,0.0,0.0,0.0,
714,12345,FALSE,16,12,0.0,0.0,0.0,0.0,
713,12345,FALSE,16,11,0.0,0.0,0.0,0.0,
712,12345,FALSE,16,10,0.0,0.0,0.0,0.0,
711,12345,FALSE,16,09,0.0,0.0,0.0,0.0,
710,12345,FALSE,16,08,0.0,0.0,0.0,0.0,
709,12345,FALSE,16,07,0.0,0.0,0.0,0.0,
708,12345,FALSE,16,06,0.0,0.0,0.0,0.0,
707,12345,FALSE,16,05,0.0,0.0,0.0,0.0,
738,12345,FALSE,16,38,0.0,0.0,0.0,0.0,
740,12345,FALSE,16,40,0.0,0.0,0.0,0.0,
773,12345,FALSE,17,26,0.0,0.0,0.0,0.0,
765,12345,FALSE,17,18,0.0,0.0,0.0,0.0,
759,12345,FALSE,17,11,0.0,0.0,0.0,0.0,
760,12345,FALSE,17,12,0.0,0.0,0.0,0.0,
761,12345,FALSE,17,13,0.0,0.0,0.0,0.0,
762,12345,FALSE,17,14,0.0,0.0,0.0,0.0,
763,12345,FALSE,17,15,0.0,0.0,0.0,0.0,
764,12345,FALSE,17,16,0.0,0.0,0.0,0.0,
766,12345,FALSE,17,19,0.0,0.0,0.0,0.0,
741,12345,FALSE,16,41,0.0,0.0,0.0,0.0,
767,12345,FALSE,17,20,0.0,0.0,0.0,0.0,
768,12345,FALSE,17,21,0.0,0.0,0.0,0.0,
769,12345,FALSE,17,22,0.0,0.0,0.0,0.0,
770,12345,FALSE,17,23,0.0,0.0,0.0,0.0,
771,12345,FALSE,17,24,0.0,0.0,0.0,0.0,
772,12345,FALSE,17,25,0.0,0.0,0.0,0.0,
758,12345,FALSE,17,10,0.0,0.0,0.0,0.0,
757,12345,FALSE,17,09,0.0,0.0,0.0,0.0,
756,12345,FALSE,17,08,0.0,0.0,0.0,0.0,
755,12345,FALSE,17,07,0.0,0.0,0.0,0.0,
754,12345,FALSE,17,06,0.0,0.0,0.0,0.0,
753,12345,FALSE,17,05,0.0,0.0,0.0,0.0,
752,12345,FALSE,17,04,0.0,0.0,0.0,0.0,
751,12345,FALSE,17,03,0.0,0.0,0.0,0.0,
750,12345,FALSE,17,02,0.1,0.09,0.09,0.09,
749,12345,FALSE,17,01,0.0,0.0,0.0,0.0,
748,12345,FALSE,16,48,0.0,0.0,0.0,0.0,
747,12345,FALSE,16,47,0.0,0.0,0.0,0.0,
746,12345,FALSE,16,46,0.0,0.0,0.0,0.0,
745,12345,FALSE,16,45,0.0,0.0,0.0,0.0,
744,12345,FALSE,16,44,0.0,0.0,0.0,0.0,
743,12345,FALSE,16,43,0.0,0.0,0.0,0.0,
742,12345,FALSE,16,42,0.0,0.0,0.0,0.0,
1128,12345,FALSE,25,05,0.0,0.0,0.0,0.0,
